time,q,raw_price,bid,ask,volume,open_interest,mark_type,stale
2024-10-24T15:00:00Z,0.99,0.99,0.2,1.0,100.0,100.0,trade,false
2024-10-24T18:00:00Z,0.26,0.26,0.22,0.99,900.0,1000.0,trade,false
2024-10-24T19:00:00Z,0.26,,0.24,0.28,0.0,1000.0,midpoint,false
2024-10-24T20:00:00Z,0.3,0.3,0.26,0.3,1317.0,2317.0,trade,false
2024-10-24T21:00:00Z,0.285,,0.27,0.3,0.0,2317.0,midpoint,false
2024-10-25T00:00:00Z,0.3,0.3,0.27,0.3,15.0,2332.0,trade,false
2024-10-25T18:00:00Z,0.28,,0.27,0.29,0.0,2332.0,midpoint,false
2024-10-25T20:00:00Z,0.3,0.3,0.27,0.3,64.0,2396.0,trade,false
2024-10-25T22:00:00Z,0.295,,0.29,0.3,0.0,2396.0,midpoint,false
2024-10-27T13:00:00Z,0.3,0.3,0.29,0.3,63.0,2459.0,trade,false
2024-10-28T00:00:00Z,0.29,0.29,0.29,0.3,70.0,2529.0,trade,false
2024-10-28T01:00:00Z,0.29,0.29,0.27,0.29,246.0,2775.0,trade,false
2024-10-28T04:00:00Z,0.29,0.29,0.27,0.28,65.0,2840.0,trade,false
2024-10-28T20:00:00Z,0.28,0.28,0.27,0.28,1.0,2841.0,trade,false
2024-10-29T00:00:00Z,0.28,0.28,0.27,0.29,13.0,2854.0,trade,false
2024-10-29T03:00:00Z,0.29,0.29,0.27,0.29,5.0,2859.0,trade,false
2024-10-29T13:00:00Z,0.29,0.29,0.27,0.29,100.0,2959.0,trade,false
2024-10-29T14:00:00Z,0.29,0.29,0.27,0.29,65.0,3024.0,trade,false
2024-10-29T16:00:00Z,0.275,,0.27,0.28,0.0,3024.0,midpoint,false
2024-10-29T20:00:00Z,0.28,0.28,0.27,0.28,34.0,3058.0,trade,false
2024-10-30T01:00:00Z,0.28,0.28,0.27,0.28,3.0,3061.0,trade,false
2024-10-30T13:00:00Z,0.28,0.28,0.27,0.28,10.0,3071.0,trade,false
2024-10-30T22:00:00Z,0.29,0.29,0.27,0.29,248.0,3319.0,trade,false
2024-10-31T05:00:00Z,0.275,,0.27,0.28,0.0,3319.0,midpoint,false
2024-10-31T23:00:00Z,0.29,0.29,0.27,0.29,148.0,3467.0,trade,false
2024-11-01T18:00:00Z,0.3,0.3,0.27,0.3,483.0,3950.0,trade,false
2024-11-01T23:00:00Z,0.27,0.27,0.27,0.29,27.0,3977.0,trade,false
2024-11-02T02:00:00Z,0.29,0.29,0.27,0.29,65.0,4042.0,trade,false
2024-11-02T03:00:00Z,0.29,0.29,0.27,0.29,5.0,4047.0,trade,false
2024-11-02T04:00:00Z,0.29,0.29,0.27,0.29,50.0,4097.0,trade,false
2024-11-02T13:00:00Z,0.28,,0.27,0.29,0.0,4097.0,midpoint,false
2024-11-02T22:00:00Z,0.3,0.3,0.27,0.3,638.0,4735.0,trade,false
2024-11-03T18:00:00Z,0.31,0.31,0.27,0.31,47.0,4782.0,trade,false
2024-11-03T21:00:00Z,0.3,0.3,0.27,0.3,15.0,4797.0,trade,false
2024-11-04T04:00:00Z,0.285,,0.28,0.29,0.0,4797.0,midpoint,false
2024-11-04T05:00:00Z,0.285,,0.28,0.29,0.0,4797.0,midpoint,false
2024-11-04T07:00:00Z,0.285,,0.27,0.3,0.0,4797.0,midpoint,false
2024-11-04T08:00:00Z,0.285,,0.28,0.29,0.0,4797.0,midpoint,false
2024-11-04T09:00:00Z,0.285,,0.27,0.3,0.0,4797.0,midpoint,false
2024-11-04T10:00:00Z,0.285,,0.28,0.29,0.0,4797.0,midpoint,false
2024-11-04T11:00:00Z,0.285,,0.27,0.3,0.0,4797.0,midpoint,false
2024-11-04T12:00:00Z,0.285,,0.27,0.3,0.0,4797.0,midpoint,false
2024-11-04T13:00:00Z,0.285,,0.27,0.3,0.0,4797.0,midpoint,false
2024-11-04T14:00:00Z,0.285,,0.28,0.29,0.0,4797.0,midpoint,false
2024-11-04T15:00:00Z,0.285,,0.27,0.3,0.0,4797.0,midpoint,false
2024-11-04T16:00:00Z,0.285,,0.27,0.3,0.0,4797.0,midpoint,false
2024-11-04T19:00:00Z,0.3,0.3,0.27,0.31,37.0,4834.0,trade,false
2024-11-04T20:00:00Z,0.31,0.31,0.27,0.31,153.0,4987.0,trade,false
2024-11-04T22:00:00Z,0.31,0.31,0.27,0.31,15.0,5002.0,trade,false
2024-11-05T00:00:00Z,0.29,,0.27,0.31,0.0,5002.0,midpoint,false
2024-11-05T01:00:00Z,0.29,,0.27,0.31,0.0,5002.0,midpoint,false
2024-11-05T02:00:00Z,0.28,0.28,0.27,0.31,12.0,5002.0,trade,false
2024-11-05T03:00:00Z,0.29,,0.28,0.3,0.0,5002.0,midpoint,false
2024-11-05T04:00:00Z,0.29,,0.27,0.31,0.0,5002.0,midpoint,false
2024-11-05T05:00:00Z,0.29,,0.28,0.3,0.0,5002.0,midpoint,false
2024-11-05T06:00:00Z,0.29,,0.28,0.3,0.0,5002.0,midpoint,false
2024-11-05T07:00:00Z,0.29,,0.27,0.31,0.0,5002.0,midpoint,false
2024-11-05T08:00:00Z,0.31,0.31,0.27,0.31,30.0,5032.0,trade,false
2024-11-05T09:00:00Z,0.29,,0.28,0.3,0.0,5032.0,midpoint,false
2024-11-05T10:00:00Z,0.29,,0.28,0.3,0.0,5032.0,midpoint,false
2024-11-05T11:00:00Z,0.29,,0.27,0.31,0.0,5032.0,midpoint,false
2024-11-05T12:00:00Z,0.29,,0.28,0.3,0.0,5032.0,midpoint,false
2024-11-05T13:00:00Z,0.29,,0.27,0.31,0.0,5032.0,midpoint,false
2024-11-05T14:00:00Z,0.29,,0.27,0.31,0.0,5032.0,midpoint,false
2024-11-05T15:00:00Z,0.29,,0.28,0.3,0.0,5032.0,midpoint,false
2024-11-05T16:00:00Z,0.29,,0.28,0.3,0.0,5032.0,midpoint,false
2024-11-05T17:00:00Z,0.29,,0.28,0.3,0.0,5032.0,midpoint,false
2024-11-05T18:00:00Z,0.29,,0.28,0.3,0.0,5032.0,midpoint,false
2024-11-05T19:00:00Z,0.29,,0.27,0.31,0.0,5032.0,midpoint,false
2024-11-05T20:00:00Z,0.29,,0.27,0.31,0.0,5032.0,midpoint,false
2024-11-05T21:00:00Z,0.29,,0.27,0.31,0.0,5032.0,midpoint,false
2024-11-05T22:00:00Z,0.3,0.3,0.28,0.3,2.0,5034.0,trade,false
2024-11-05T23:00:00Z,0.29,,0.28,0.3,0.0,5034.0,midpoint,false
2024-11-06T00:00:00Z,0.29,,0.28,0.3,0.0,5034.0,midpoint,false
2024-11-06T01:00:00Z,0.29,,0.28,0.3,0.0,5034.0,midpoint,false
2024-11-06T02:00:00Z,0.295,,0.28,0.31,0.0,5034.0,midpoint,false
2024-11-06T03:00:00Z,0.29,,0.28,0.3,0.0,5034.0,midpoint,false
2024-11-06T04:00:00Z,0.285,,0.28,0.29,0.0,5034.0,midpoint,false
2024-11-06T05:00:00Z,0.285,,0.27,0.3,0.0,5034.0,midpoint,false
2024-11-06T06:00:00Z,0.29,,0.28,0.3,0.0,5034.0,midpoint,false
2024-11-06T07:00:00Z,0.29,,0.28,0.3,0.0,5034.0,midpoint,false
2024-11-06T08:00:00Z,0.29,,0.28,0.3,0.0,5034.0,midpoint,false
2024-11-06T09:00:00Z,0.29,,0.28,0.3,0.0,5034.0,midpoint,false
2024-11-06T10:00:00Z,0.29,,0.28,0.3,0.0,5034.0,midpoint,false
2024-11-06T11:00:00Z,0.29,,0.28,0.3,0.0,5034.0,midpoint,false
2024-11-06T12:00:00Z,0.31,0.31,0.28,0.3,157.0,5191.0,trade,false
2024-11-06T13:00:00Z,0.295,,0.28,0.31,0.0,5191.0,midpoint,false
2024-11-06T14:00:00Z,0.29,,0.28,0.3,0.0,5191.0,midpoint,false
2024-11-06T15:00:00Z,0.31,0.31,0.28,0.31,5.0,5196.0,trade,false
2024-11-06T16:00:00Z,0.29,,0.28,0.3,0.0,5196.0,midpoint,false
2024-11-06T17:00:00Z,0.29,,0.28,0.3,0.0,5196.0,midpoint,false
2024-11-06T18:00:00Z,0.3,0.3,0.28,0.3,500.0,5696.0,trade,false
2024-11-06T19:00:00Z,0.29,,0.28,0.3,0.0,5696.0,midpoint,false
2024-11-06T20:00:00Z,0.3,0.3,0.28,0.31,164.0,5860.0,trade,false
2024-11-06T21:00:00Z,0.31,0.31,0.28,0.31,76.0,5936.0,trade,false
2024-11-06T22:00:00Z,0.31,0.31,0.28,0.31,157.0,6093.0,trade,false
2024-11-06T23:00:00Z,0.295,,0.28,0.31,0.0,6093.0,midpoint,false
2024-11-07T00:00:00Z,0.29,,0.28,0.3,0.0,6093.0,midpoint,false
2024-11-07T01:00:00Z,0.29,,0.28,0.3,0.0,6093.0,midpoint,false
2024-11-07T02:00:00Z,0.29,,0.28,0.3,0.0,6093.0,midpoint,false
2024-11-07T03:00:00Z,0.3,0.3,0.28,0.3,3.0,6096.0,trade,false
2024-11-07T04:00:00Z,0.29,,0.28,0.3,0.0,6096.0,midpoint,false
2024-11-07T05:00:00Z,0.31,0.31,0.28,0.31,468.0,6564.0,trade,false
2024-11-07T06:00:00Z,0.29,,0.28,0.3,0.0,6564.0,midpoint,false
2024-11-07T07:00:00Z,0.29,,0.28,0.3,0.0,6564.0,midpoint,false
2024-11-07T08:00:00Z,0.29,,0.28,0.3,0.0,6564.0,midpoint,false
2024-11-07T09:00:00Z,0.29,,0.28,0.3,0.0,6564.0,midpoint,false
2024-11-07T10:00:00Z,0.29,,0.28,0.3,0.0,6564.0,midpoint,false
2024-11-07T11:00:00Z,0.29,,0.28,0.3,0.0,6564.0,midpoint,false
2024-11-07T12:00:00Z,0.29,,0.28,0.3,0.0,6564.0,midpoint,false
2024-11-07T13:00:00Z,0.285,,0.28,0.29,0.0,6564.0,midpoint,false
2024-11-07T14:00:00Z,0.285,,0.27,0.3,0.0,6564.0,midpoint,false
2024-11-07T15:00:00Z,0.29,,0.28,0.3,0.0,6564.0,midpoint,false
2024-11-07T16:00:00Z,0.31,0.31,0.28,0.3,125.0,6689.0,trade,false
2024-11-07T17:00:00Z,0.285,,0.27,0.3,0.0,6689.0,midpoint,false
2024-11-07T18:00:00Z,0.295,,0.28,0.31,0.0,6689.0,midpoint,false
2024-11-07T19:00:00Z,0.295,,0.28,0.31,0.0,6689.0,midpoint,false
2024-11-07T20:00:00Z,0.31,0.31,0.28,0.32,70.0,6759.0,trade,false
2024-11-07T21:00:00Z,0.305,,0.29,0.32,0.0,6759.0,midpoint,false
2024-11-07T22:00:00Z,0.32,0.32,0.29,0.32,29.0,6788.0,trade,false
2024-11-07T23:00:00Z,0.32,0.32,0.29,0.32,138.0,6926.0,trade,false
2024-11-08T00:00:00Z,0.33,0.33,0.29,0.33,377.0,7303.0,trade,false
2024-11-08T01:00:00Z,0.33,0.33,0.29,0.32,203.0,7506.0,trade,false
2024-11-08T02:00:00Z,0.33,0.33,0.29,0.33,321.0,7827.0,trade,false
2024-11-08T03:00:00Z,0.33,0.33,0.29,0.33,2.0,7829.0,trade,false
2024-11-08T04:00:00Z,0.33,0.33,0.29,0.33,72.0,7901.0,trade,false
2024-11-08T05:00:00Z,0.34,0.34,0.31,0.34,395.0,8296.0,trade,false
2024-11-08T06:00:00Z,0.34,0.34,0.31,0.35,323.0,8619.0,trade,false
2024-11-08T07:00:00Z,0.33,0.33,0.31,0.33,21.0,8640.0,trade,false
2024-11-08T08:00:00Z,0.32,,0.31,0.33,0.0,8640.0,midpoint,false
2024-11-08T09:00:00Z,0.33,0.33,0.31,0.33,109.0,8749.0,trade,false
2024-11-08T10:00:00Z,0.33,0.33,0.31,0.33,18.0,8767.0,trade,false
2024-11-08T11:00:00Z,0.32,,0.31,0.33,0.0,8767.0,midpoint,false
2024-11-08T12:00:00Z,0.33,0.33,0.31,0.33,72.0,8839.0,trade,false
2024-11-08T13:00:00Z,0.33,0.33,0.31,0.33,28.0,8867.0,trade,false
2024-11-08T14:00:00Z,0.33,0.33,0.31,0.33,186.0,9053.0,trade,false
2024-11-08T15:00:00Z,0.34,0.34,0.31,0.34,526.0,9579.0,trade,false
2024-11-08T16:00:00Z,0.34,0.34,0.31,0.34,56.0,9635.0,trade,false
2024-11-08T17:00:00Z,0.35,0.35,0.34,0.35,357.0,9992.0,trade,false
2024-11-08T18:00:00Z,0.35,0.35,0.34,0.35,27.0,10019.0,trade,false
2024-11-08T19:00:00Z,0.35,0.35,0.31,0.34,181.0,10012.0,trade,false
2024-11-08T20:00:00Z,0.34,0.34,0.34,0.35,543.0,10555.0,trade,false
2024-11-08T21:00:00Z,0.33,0.33,0.33,0.34,1616.0,11968.0,trade,false
2024-11-08T22:00:00Z,0.34,0.34,0.28,0.34,507.0,12427.0,trade,false
2024-11-08T23:00:00Z,0.34,0.34,0.29,0.34,78.0,12387.0,trade,false
2024-11-09T00:00:00Z,0.33,0.33,0.29,0.33,34.0,12421.0,trade,false
2024-11-09T01:00:00Z,0.31,0.31,0.31,0.34,608.0,12739.0,trade,false
2024-11-09T02:00:00Z,0.34,0.34,0.31,0.35,122.0,12861.0,trade,false
2024-11-09T03:00:00Z,0.37,0.37,0.34,0.37,52.0,12913.0,trade,false
2024-11-09T04:00:00Z,0.37,0.37,0.33,0.38,193.0,13106.0,trade,false
2024-11-09T05:00:00Z,0.38,0.38,0.34,0.38,19.0,13125.0,trade,false
2024-11-09T06:00:00Z,0.39,0.39,0.36,0.39,878.0,14003.0,trade,false
2024-11-09T07:00:00Z,0.41,0.41,0.37,0.43,1504.0,15470.0,trade,false
2024-11-09T08:00:00Z,0.43,0.43,0.38,0.43,71.0,15541.0,trade,false
2024-11-09T09:00:00Z,0.405,,0.38,0.43,0.0,15541.0,midpoint,false
2024-11-09T10:00:00Z,0.43,0.43,0.38,0.43,53.0,15594.0,trade,false
2024-11-09T11:00:00Z,0.43,0.43,0.39,0.43,223.0,15817.0,trade,false
2024-11-09T12:00:00Z,0.44,0.44,0.37,0.44,61.0,15878.0,trade,false
2024-11-09T13:00:00Z,0.44,0.44,0.39,0.44,142.0,16020.0,trade,false
2024-11-09T14:00:00Z,0.43,0.43,0.43,0.46,39.0,16003.0,trade,false
2024-11-09T15:00:00Z,0.46,0.46,0.43,0.47,936.0,16107.0,trade,false
2024-11-09T16:00:00Z,0.47,0.47,0.43,0.47,143.0,16250.0,trade,false
2024-11-09T17:00:00Z,0.45,,0.43,0.47,0.0,16250.0,midpoint,false
2024-11-09T18:00:00Z,0.42,0.42,0.43,0.45,709.0,15900.0,trade,false
2024-11-09T19:00:00Z,0.45,0.45,0.42,0.45,35.0,15886.0,trade,false
2024-11-09T20:00:00Z,0.42,0.42,0.43,0.45,33.0,15886.0,trade,false
2024-11-09T21:00:00Z,0.44,0.44,0.44,0.46,424.0,16101.0,trade,false
2024-11-09T22:00:00Z,0.51,0.51,0.44,0.48,1636.0,17292.0,trade,false
2024-11-09T23:00:00Z,0.47,0.47,0.46,0.47,1091.0,18383.0,trade,false
2024-11-10T00:00:00Z,0.51,0.51,0.46,0.5,127.0,18510.0,trade,false
2024-11-10T01:00:00Z,0.45,0.45,0.45,0.48,1104.0,17489.0,trade,false
2024-11-10T02:00:00Z,0.48,0.48,0.46,0.49,160.0,17566.0,trade,false
2024-11-10T03:00:00Z,0.46,0.46,0.45,0.49,255.0,17715.0,trade,false
2024-11-10T04:00:00Z,0.5,0.5,0.45,0.5,492.0,18207.0,trade,false
2024-11-10T05:00:00Z,0.5,0.5,0.45,0.5,47.0,18254.0,trade,false
2024-11-10T06:00:00Z,0.47,,0.45,0.49,0.0,18254.0,midpoint,false
2024-11-10T07:00:00Z,0.5,0.5,0.45,0.5,117.0,18371.0,trade,false
2024-11-10T08:00:00Z,0.48,0.48,0.43,0.48,974.0,17476.0,trade,false
2024-11-10T14:00:00Z,0.48,0.48,0.43,0.47,99.0,17417.0,trade,false
2024-11-10T15:00:00Z,0.47,0.47,0.43,0.47,89.0,17506.0,trade,false
2024-11-10T16:00:00Z,0.47,0.47,0.43,0.47,90.0,17596.0,trade,false
2024-11-10T17:00:00Z,0.43,0.43,0.42,0.47,39.0,17557.0,trade,false
2024-11-10T18:00:00Z,0.48,0.48,0.43,0.48,485.0,18042.0,trade,false
2024-11-10T20:00:00Z,0.48,0.48,0.44,0.48,43.0,18085.0,trade,false
2024-11-10T21:00:00Z,0.48,0.48,0.44,0.48,292.0,18291.0,trade,false
2024-11-10T22:00:00Z,0.46,0.46,0.43,0.46,1303.0,17891.0,trade,false
2024-11-10T23:00:00Z,0.43,0.43,0.43,0.47,180.0,17917.0,trade,false
2024-11-11T00:00:00Z,0.43,0.43,0.43,0.47,3.0,17914.0,trade,false
2024-11-11T01:00:00Z,0.47,0.47,0.43,0.47,88.0,18002.0,trade,false
2024-11-11T02:00:00Z,0.48,0.48,0.44,0.48,108.0,18110.0,trade,false
2024-11-11T03:00:00Z,0.48,0.48,0.43,0.48,101.0,18211.0,trade,false
2024-11-11T04:00:00Z,0.48,0.48,0.45,0.48,105.0,18316.0,trade,false
2024-11-11T05:00:00Z,0.48,0.48,0.44,0.48,239.0,18379.0,trade,false
2024-11-11T06:00:00Z,0.47,0.47,0.44,0.47,107.0,18292.0,trade,false
2024-11-11T07:00:00Z,0.47,0.47,0.44,0.47,102.0,18394.0,trade,false
2024-11-11T08:00:00Z,0.47,0.47,0.44,0.47,12.0,18406.0,trade,false
2024-11-11T14:00:00Z,0.48,0.48,0.44,0.48,288.0,18694.0,trade,false
2024-11-11T15:00:00Z,0.49,0.49,0.45,0.57,229.0,18923.0,trade,false
2024-11-11T19:00:00Z,0.49,0.49,0.43,0.48,176.0,19099.0,trade,false
2024-11-11T20:00:00Z,0.43,0.43,0.43,0.47,205.0,18894.0,trade,false
2024-11-11T21:00:00Z,0.47,0.47,0.43,0.47,144.0,19036.0,trade,false
2024-11-11T23:00:00Z,0.47,0.47,0.43,0.47,10.0,19046.0,trade,false
2024-11-12T00:00:00Z,0.47,0.47,0.43,0.47,102.0,19148.0,trade,false
2024-11-12T01:00:00Z,0.47,0.47,0.43,0.47,312.0,19403.0,trade,false
2024-11-12T02:00:00Z,0.48,0.48,0.44,0.48,293.0,19696.0,trade,false
2024-11-12T03:00:00Z,0.44,0.44,0.44,0.48,239.0,19793.0,trade,false
2024-11-12T04:00:00Z,0.44,0.44,0.44,0.48,77.0,19826.0,trade,false
2024-11-12T05:00:00Z,0.43,0.43,0.43,0.48,245.0,19601.0,trade,false
2024-11-12T06:00:00Z,0.43,0.43,0.43,0.47,102.0,19499.0,trade,false
2024-11-12T07:00:00Z,0.43,0.43,0.43,0.47,49.0,19540.0,trade,false
2024-11-12T14:00:00Z,0.43,0.43,0.44,0.46,2.0,19538.0,trade,false
2024-11-12T15:00:00Z,0.44,0.44,0.44,0.46,303.0,19235.0,trade,false
2024-11-12T16:00:00Z,0.46,0.46,0.44,0.46,2.0,19237.0,trade,false
2024-11-12T17:00:00Z,0.46,0.46,0.46,0.47,98.0,19335.0,trade,false
2024-11-12T18:00:00Z,0.46,0.46,0.42,0.46,995.0,18864.0,trade,false
2024-11-12T19:00:00Z,0.46,0.46,0.42,0.47,280.0,19144.0,trade,false
2024-11-12T20:00:00Z,0.42,0.42,0.41,0.46,134.0,19164.0,trade,false
2024-11-12T21:00:00Z,0.46,0.46,0.42,0.46,38.0,19202.0,trade,false
2024-11-12T22:00:00Z,0.46,0.46,0.42,0.46,538.0,19354.0,trade,false
2024-11-12T23:00:00Z,0.46,0.46,0.42,0.47,109.0,19439.0,trade,false
2024-11-13T02:00:00Z,0.44,,0.42,0.46,0.0,19439.0,midpoint,false
2024-11-13T03:00:00Z,0.47,0.47,0.42,0.47,107.0,19546.0,trade,false
2024-11-13T04:00:00Z,0.47,0.47,0.42,0.47,15.0,19533.0,trade,false
2024-11-13T05:00:00Z,0.47,0.47,0.42,0.47,28.0,19561.0,trade,false
2024-11-13T07:00:00Z,0.44,,0.42,0.46,0.0,19561.0,midpoint,false
2024-11-13T14:00:00Z,0.46,0.46,0.42,0.46,19.0,19580.0,trade,false
2024-11-13T15:00:00Z,0.46,0.46,0.42,0.46,129.0,19617.0,trade,false
2024-11-13T17:00:00Z,0.435,,0.42,0.45,0.0,19617.0,midpoint,false
2024-11-13T18:00:00Z,0.42,0.42,0.42,0.45,10.0,19607.0,trade,false
2024-11-13T20:00:00Z,0.43,,0.42,0.44,0.0,19607.0,midpoint,false
2024-11-13T22:00:00Z,0.41,0.41,0.41,0.44,5.0,19602.0,trade,false
2024-11-13T23:00:00Z,0.41,0.41,0.41,0.44,36.0,19566.0,trade,false
2024-11-14T01:00:00Z,0.41,0.41,0.41,0.44,10.0,19556.0,trade,false
2024-11-14T02:00:00Z,0.45,0.45,0.44,0.45,230.0,19479.0,trade,false
2024-11-14T04:00:00Z,0.45,0.45,0.44,0.45,42.0,19521.0,trade,false
2024-11-14T07:00:00Z,0.45,0.45,0.44,0.45,21.0,19542.0,trade,false
2024-11-14T16:00:00Z,0.45,0.45,0.44,0.45,10.0,19552.0,trade,false
2024-11-14T17:00:00Z,0.4,0.4,0.4,0.45,59.0,19520.0,trade,false
2024-11-14T18:00:00Z,0.4,0.4,0.4,0.45,29.0,19491.0,trade,false
2024-11-14T19:00:00Z,0.42,,0.4,0.44,0.0,19491.0,midpoint,false
2024-11-14T20:00:00Z,0.44,0.44,0.4,0.44,9.0,19488.0,trade,false
2024-11-14T21:00:00Z,0.4,0.4,0.4,0.44,205.0,19675.0,trade,false
2024-11-14T22:00:00Z,0.4,0.4,0.4,0.44,32.0,19675.0,trade,false
2024-11-14T23:00:00Z,0.44,0.44,0.4,0.44,218.0,19893.0,trade,false
2024-11-15T00:00:00Z,0.425,,0.41,0.44,0.0,19893.0,midpoint,false
2024-11-15T01:00:00Z,0.425,,0.41,0.44,0.0,19893.0,midpoint,false
2024-11-15T02:00:00Z,0.4,0.4,0.4,0.44,72.0,19821.0,trade,false
2024-11-15T04:00:00Z,0.44,0.44,0.4,0.44,21.0,19842.0,trade,false
2024-11-15T05:00:00Z,0.4,0.4,0.4,0.44,16.0,19826.0,trade,false
2024-11-15T06:00:00Z,0.42,,0.4,0.44,0.0,19826.0,midpoint,false
2024-11-15T07:00:00Z,0.42,,0.4,0.44,0.0,19826.0,midpoint,false
2024-11-15T08:00:00Z,0.44,0.44,0.4,0.44,25.0,19851.0,trade,false
2024-11-15T14:00:00Z,0.42,,0.4,0.44,0.0,19851.0,midpoint,false
2024-11-15T16:00:00Z,0.39,0.39,0.4,0.44,275.0,19586.0,trade,false
2024-11-15T17:00:00Z,0.415,,0.39,0.44,0.0,19586.0,midpoint,false
2024-11-15T21:00:00Z,0.39,0.39,0.39,0.44,42.0,19586.0,trade,false
2024-11-15T23:00:00Z,0.44,0.44,0.39,0.44,83.0,19669.0,trade,false
2024-11-16T00:00:00Z,0.39,0.39,0.39,0.43,10.0,19659.0,trade,false
2024-11-16T01:00:00Z,0.43,0.43,0.39,0.43,22.0,19681.0,trade,false
2024-11-16T02:00:00Z,0.43,0.43,0.39,0.43,3.0,19684.0,trade,false
2024-11-16T14:00:00Z,0.44,0.44,0.4,0.44,109.0,19793.0,trade,false
2024-11-16T18:00:00Z,0.39,0.39,0.39,0.44,160.0,19633.0,trade,false
2024-11-16T23:00:00Z,0.39,0.39,0.39,0.44,16.0,19617.0,trade,false
2024-11-17T01:00:00Z,0.43,0.43,0.39,0.43,6.0,19623.0,trade,false
2024-11-17T02:00:00Z,0.415,,0.4,0.43,0.0,19623.0,midpoint,false
2024-11-17T03:00:00Z,0.39,0.39,0.39,0.44,57.0,19566.0,trade,false
2024-11-17T05:00:00Z,0.44,0.44,0.39,0.44,21.0,19587.0,trade,false
2024-11-17T18:00:00Z,0.39,0.39,0.39,0.44,36.0,19566.0,trade,false
2024-11-17T20:00:00Z,0.43,,0.42,0.44,0.0,19566.0,midpoint,false
2024-11-17T23:00:00Z,0.44,0.44,0.42,0.44,218.0,19784.0,trade,false
2024-11-18T01:00:00Z,0.415,,0.39,0.44,0.0,19784.0,midpoint,false
2024-11-18T03:00:00Z,0.42,,0.4,0.44,0.0,19784.0,midpoint,false
2024-11-18T15:00:00Z,0.415,,0.4,0.43,0.0,19784.0,midpoint,false
2024-11-18T16:00:00Z,0.415,,0.4,0.43,0.0,19784.0,midpoint,false
2024-11-18T17:00:00Z,0.43,0.43,0.4,0.43,33.0,19817.0,trade,false
2024-11-18T20:00:00Z,0.43,0.43,0.4,0.43,55.0,19872.0,trade,false
2024-11-19T00:00:00Z,0.41,,0.4,0.42,0.0,19872.0,midpoint,false
2024-11-19T01:00:00Z,0.42,0.42,0.4,0.42,11.0,19883.0,trade,false
2024-11-19T03:00:00Z,0.405,,0.39,0.42,0.0,19883.0,midpoint,false
2024-11-19T06:00:00Z,0.42,0.42,0.39,0.42,112.0,19995.0,trade,false
2024-11-19T17:00:00Z,0.38,0.38,0.38,0.42,335.0,19820.0,trade,false
2024-11-19T18:00:00Z,0.395,,0.38,0.41,0.0,19820.0,midpoint,false
2024-11-19T19:00:00Z,0.42,0.42,0.37,0.41,176.0,19747.0,trade,false
2024-11-19T23:00:00Z,0.41,0.41,0.37,0.41,4.0,19747.0,trade,false
2024-11-20T00:00:00Z,0.375,,0.37,0.38,0.0,19747.0,midpoint,false
2024-11-20T04:00:00Z,0.37,0.37,0.37,0.39,23.0,19747.0,trade,false
2024-11-20T05:00:00Z,0.38,0.38,0.37,0.39,7.0,19747.0,trade,false
2024-11-20T07:00:00Z,0.375,,0.37,0.38,0.0,19747.0,midpoint,false
2024-11-20T14:00:00Z,0.37,0.37,0.37,0.38,7.0,19747.0,trade,false
2024-11-20T15:00:00Z,0.37,0.37,0.37,0.38,7.0,19740.0,trade,false
2024-11-20T16:00:00Z,0.37,0.37,0.37,0.38,6.0,19734.0,trade,false
2024-11-20T17:00:00Z,0.38,0.38,0.37,0.38,126.0,19860.0,trade,false
2024-11-20T18:00:00Z,0.38,0.38,0.37,0.38,50.0,19910.0,trade,false
2024-11-20T20:00:00Z,0.38,0.38,0.37,0.38,16.0,19926.0,trade,false
2024-11-20T21:00:00Z,0.38,0.38,0.37,0.38,127.0,19956.0,trade,false
2024-11-20T22:00:00Z,0.38,0.38,0.37,0.38,2.0,19956.0,trade,false
2024-11-20T23:00:00Z,0.38,0.38,0.37,0.39,25.0,19963.0,trade,false
2024-11-21T00:00:00Z,0.38,,0.37,0.39,0.0,19963.0,midpoint,false
2024-11-21T01:00:00Z,0.39,0.39,0.37,0.39,5.0,19968.0,trade,false
2024-11-21T04:00:00Z,0.37,0.37,0.37,0.38,20.0,19949.0,trade,false
2024-11-21T05:00:00Z,0.37,0.37,0.37,0.38,31.0,19918.0,trade,false
2024-11-21T06:00:00Z,0.38,0.38,0.37,0.38,85.0,20003.0,trade,false
2024-11-21T14:00:00Z,0.36,0.36,0.36,0.38,310.0,20003.0,trade,false
2024-11-21T16:00:00Z,0.365,,0.36,0.37,0.0,20003.0,midpoint,false
2024-11-21T17:00:00Z,0.37,0.37,0.37,0.38,129.0,19974.0,trade,false
2024-11-21T18:00:00Z,0.38,0.38,0.37,0.38,6.0,19980.0,trade,false
2024-11-22T01:00:00Z,0.38,0.38,0.36,0.38,561.0,20541.0,trade,false
2024-11-22T03:00:00Z,0.37,,0.36,0.38,0.0,20541.0,midpoint,false
2024-11-22T04:00:00Z,0.37,,0.36,0.38,0.0,20541.0,midpoint,false
2024-11-22T05:00:00Z,0.38,0.38,0.36,0.38,25.0,20566.0,trade,false
2024-11-22T15:00:00Z,0.365,,0.36,0.37,0.0,20566.0,midpoint,false
2024-11-22T16:00:00Z,0.37,0.37,0.36,0.37,1.0,20567.0,trade,false
2024-11-22T18:00:00Z,0.36,0.36,0.36,0.37,3.0,20564.0,trade,false
2024-11-22T21:00:00Z,0.37,0.37,0.36,0.37,10.0,20574.0,trade,false
2024-11-22T23:00:00Z,0.38,0.38,0.36,0.37,128.0,20702.0,trade,false
2024-11-23T00:00:00Z,0.36,0.36,0.36,0.37,95.0,20702.0,trade,false
2024-11-23T02:00:00Z,0.4,0.4,0.36,0.4,487.0,20939.0,trade,false
2024-11-23T03:00:00Z,0.375,,0.36,0.39,0.0,20939.0,midpoint,false
2024-11-23T05:00:00Z,0.39,0.39,0.36,0.39,6.0,20945.0,trade,false
2024-11-23T15:00:00Z,0.39,0.39,0.36,0.39,98.0,21043.0,trade,false
2024-11-23T16:00:00Z,0.36,0.36,0.36,0.39,100.0,20943.0,trade,false
2024-11-23T19:00:00Z,0.37,,0.35,0.39,0.0,20943.0,midpoint,false
2024-11-23T21:00:00Z,0.39,0.39,0.35,0.39,34.0,20977.0,trade,false
2024-11-23T23:00:00Z,0.39,0.39,0.35,0.39,126.0,20875.0,trade,false
2024-11-24T06:00:00Z,0.39,0.39,0.35,0.39,5.0,20880.0,trade,false
2024-11-24T17:00:00Z,0.39,0.39,0.35,0.39,31.0,20911.0,trade,false
2024-11-24T18:00:00Z,0.375,,0.36,0.39,0.0,20911.0,midpoint,false
2024-11-24T22:00:00Z,0.36,0.36,0.36,0.39,72.0,20911.0,trade,false
2024-11-24T23:00:00Z,0.36,0.36,0.35,0.36,28.0,20911.0,trade,false
2024-11-25T00:00:00Z,0.35,0.35,0.35,0.39,100.0,20811.0,trade,false
2024-11-25T05:00:00Z,0.36,,0.34,0.38,0.0,20811.0,midpoint,false
2024-11-25T06:00:00Z,0.36,,0.34,0.38,0.0,20811.0,midpoint,false
2024-11-25T16:00:00Z,0.35,,0.33,0.37,0.0,20811.0,midpoint,false
2024-11-25T17:00:00Z,0.345,,0.33,0.36,0.0,20811.0,midpoint,false
2024-11-25T19:00:00Z,0.36,0.36,0.33,0.36,320.0,21076.0,trade,false
2024-11-25T21:00:00Z,0.36,0.36,0.33,0.36,13.0,21089.0,trade,false
2024-11-26T02:00:00Z,0.33,0.33,0.33,0.36,40.0,21089.0,trade,false
2024-11-26T03:00:00Z,0.33,0.33,0.33,0.36,15.0,21094.0,trade,false
2024-11-26T04:00:00Z,0.36,0.36,0.33,0.36,124.0,21218.0,trade,false
2024-11-26T07:00:00Z,0.33,0.33,0.33,0.36,50.0,21218.0,trade,false
2024-11-26T08:00:00Z,0.36,0.36,0.33,0.36,119.0,21337.0,trade,false
2024-11-26T15:00:00Z,0.33,0.33,0.33,0.36,1.0,21338.0,trade,false
2024-11-26T16:00:00Z,0.36,0.36,0.33,0.36,53.0,21391.0,trade,false
2024-11-26T17:00:00Z,0.36,0.36,0.33,0.36,1.0,21392.0,trade,false
2024-11-26T18:00:00Z,0.35,,0.34,0.36,0.0,21392.0,midpoint,false
2024-11-26T20:00:00Z,0.36,0.36,0.34,0.36,50.0,21442.0,trade,false
2024-11-27T00:00:00Z,0.36,0.36,0.34,0.36,300.0,21742.0,trade,false
2024-11-27T05:00:00Z,0.34,,0.33,0.35,0.0,21742.0,midpoint,false
2024-11-27T16:00:00Z,0.33,0.33,0.33,0.35,100.0,21842.0,trade,false
2024-11-27T22:00:00Z,0.33,0.33,0.33,0.35,102.0,21842.0,trade,false
2024-11-28T01:00:00Z,0.33,0.33,0.33,0.35,283.0,21842.0,trade,false
2024-11-28T17:00:00Z,0.335,,0.33,0.34,0.0,21842.0,midpoint,false
2024-11-28T19:00:00Z,0.34,0.34,0.33,0.34,1.0,21843.0,trade,false
2024-11-28T21:00:00Z,0.33,0.33,0.33,0.34,14.0,21857.0,trade,false
2024-11-29T01:00:00Z,0.33,0.33,0.33,0.34,209.0,21857.0,trade,false
2024-11-29T02:00:00Z,0.34,0.34,0.33,0.34,1.0,21858.0,trade,false
2024-11-29T04:00:00Z,0.33,0.33,0.33,0.34,28.0,21872.0,trade,false
2024-11-29T05:00:00Z,0.33,0.33,0.3,0.33,177.0,22049.0,trade,false
2024-11-29T15:00:00Z,0.33,0.33,0.3,0.33,28.0,22077.0,trade,false
2024-11-29T16:00:00Z,0.32,0.32,0.3,0.32,21.0,22078.0,trade,false
2024-11-29T17:00:00Z,0.32,0.32,0.3,0.32,1.0,22078.0,trade,false
2024-11-30T02:00:00Z,0.35,0.35,0.3,0.35,2108.0,24186.0,trade,false
2024-11-30T03:00:00Z,0.32,,0.3,0.34,0.0,24186.0,midpoint,false
2024-11-30T04:00:00Z,0.325,,0.32,0.33,0.0,24186.0,midpoint,false
2024-11-30T17:00:00Z,0.33,0.33,0.32,0.33,2.0,24188.0,trade,false
2024-11-30T20:00:00Z,0.33,0.33,0.3,0.33,88.0,24276.0,trade,false
2024-12-01T01:00:00Z,0.3,0.3,0.3,0.33,13.0,24289.0,trade,false
2024-12-01T02:00:00Z,0.27,0.27,0.27,0.3,392.0,24465.0,trade,false
2024-12-01T07:00:00Z,0.26,0.26,0.26,0.3,100.0,24470.0,trade,false
2024-12-01T14:00:00Z,0.3,0.3,0.26,0.3,1.0,24471.0,trade,false
2024-12-01T15:00:00Z,0.3,0.3,0.27,0.3,3.0,24474.0,trade,false
2024-12-01T18:00:00Z,0.31,0.31,0.27,0.31,796.0,25250.0,trade,false
2024-12-01T20:00:00Z,0.295,,0.28,0.31,0.0,25250.0,midpoint,false
2024-12-02T02:00:00Z,0.28,0.28,0.28,0.31,28.0,25250.0,trade,false
2024-12-02T06:00:00Z,0.285,,0.28,0.29,0.0,25250.0,midpoint,false
2024-12-02T07:00:00Z,0.31,0.31,0.28,0.31,45.0,25294.0,trade,false
2024-12-02T14:00:00Z,0.285,,0.28,0.29,0.0,25294.0,midpoint,false
2024-12-02T15:00:00Z,0.29,0.29,0.27,0.29,28.0,25280.0,trade,false
2024-12-02T18:00:00Z,0.29,0.29,0.28,0.31,38.0,25280.0,trade,false
2024-12-02T19:00:00Z,0.29,,0.28,0.3,0.0,25280.0,midpoint,false
2024-12-02T20:00:00Z,0.31,0.31,0.28,0.31,61.0,25328.0,trade,false
2024-12-02T22:00:00Z,0.31,0.31,0.28,0.31,30.0,25358.0,trade,false
2024-12-03T02:00:00Z,0.28,0.28,0.28,0.31,4.0,25358.0,trade,false
2024-12-03T03:00:00Z,0.28,0.28,0.28,0.3,1.0,25358.0,trade,false
2024-12-03T04:00:00Z,0.26,0.26,0.27,0.29,62.0,25324.0,trade,false
2024-12-03T06:00:00Z,0.27,0.27,0.27,0.29,3.0,25324.0,trade,false
2024-12-03T14:00:00Z,0.3,0.3,0.29,0.31,938.0,26242.0,trade,false
2024-12-03T15:00:00Z,0.29,0.29,0.29,0.3,126.0,26365.0,trade,false
2024-12-03T16:00:00Z,0.3,0.3,0.29,0.3,8.0,26365.0,trade,false
2024-12-03T17:00:00Z,0.295,,0.29,0.3,0.0,26365.0,midpoint,false
2024-12-03T18:00:00Z,0.29,0.29,0.25,0.28,362.0,26677.0,trade,false
2024-12-03T19:00:00Z,0.28,0.28,0.25,0.28,1048.0,27723.0,trade,false
2024-12-03T20:00:00Z,0.255,,0.24,0.27,0.0,27723.0,midpoint,false
2024-12-04T00:00:00Z,0.29,0.29,0.24,0.27,16.0,27738.0,trade,false
2024-12-04T01:00:00Z,0.26,,0.25,0.27,0.0,27738.0,midpoint,false
2024-12-04T08:00:00Z,0.265,,0.25,0.28,0.0,27738.0,midpoint,false
2024-12-04T15:00:00Z,0.28,0.28,0.25,0.28,1.0,27739.0,trade,false
2024-12-04T18:00:00Z,0.27,,0.26,0.28,0.0,27739.0,midpoint,false
2024-12-04T23:00:00Z,0.26,0.26,0.26,0.28,57.0,27739.0,trade,false
2024-12-05T06:00:00Z,0.265,,0.26,0.27,0.0,27739.0,midpoint,false
2024-12-05T16:00:00Z,0.27,0.27,0.26,0.27,10.0,27749.0,trade,false
2024-12-05T17:00:00Z,0.27,0.27,0.26,0.27,2.0,27751.0,trade,false
2024-12-05T19:00:00Z,0.24,0.24,0.22,0.24,635.0,28376.0,trade,false
2024-12-05T20:00:00Z,0.24,0.24,0.22,0.24,100.0,28476.0,trade,false
2024-12-06T03:00:00Z,0.24,0.24,0.22,0.24,79.0,28555.0,trade,false
2024-12-06T05:00:00Z,0.235,,0.23,0.24,0.0,28555.0,midpoint,false
2024-12-06T15:00:00Z,0.24,0.24,0.23,0.24,33.0,28555.0,trade,false
2024-12-06T17:00:00Z,0.23,0.23,0.23,0.24,9.0,28555.0,trade,false
2024-12-06T21:00:00Z,0.24,0.24,0.22,0.24,96.0,28651.0,trade,false
2024-12-06T22:00:00Z,0.235,,0.23,0.24,0.0,28651.0,midpoint,false
2024-12-07T00:00:00Z,0.235,,0.23,0.24,0.0,28651.0,midpoint,false
2024-12-07T01:00:00Z,0.24,0.24,0.23,0.24,4.0,28655.0,trade,false
2024-12-07T06:00:00Z,0.24,0.24,0.23,0.24,11.0,28666.0,trade,false
2024-12-07T23:00:00Z,0.23,0.23,0.22,0.23,336.0,29002.0,trade,false
2024-12-08T18:00:00Z,0.23,0.23,0.22,0.23,103.0,29105.0,trade,false
2024-12-08T22:00:00Z,0.23,0.23,0.22,0.23,412.0,29517.0,trade,false
2024-12-09T01:00:00Z,0.23,0.23,0.23,0.26,116.0,29517.0,trade,false
2024-12-09T06:00:00Z,0.26,0.26,0.23,0.26,73.0,29590.0,trade,false
2024-12-09T15:00:00Z,0.245,,0.24,0.25,0.0,29590.0,midpoint,false
2024-12-09T16:00:00Z,0.24,0.24,0.24,0.26,100.0,29606.0,trade,false
2024-12-09T17:00:00Z,0.25,0.25,0.24,0.26,50.0,29656.0,trade,false
2024-12-09T18:00:00Z,0.245,,0.23,0.26,0.0,29656.0,midpoint,false
2024-12-09T22:00:00Z,0.23,0.23,0.23,0.26,15.0,29641.0,trade,false
2024-12-09T23:00:00Z,0.23,0.23,0.23,0.26,95.0,29548.0,trade,false
2024-12-10T01:00:00Z,0.26,0.26,0.23,0.26,18.0,29566.0,trade,false
2024-12-10T05:00:00Z,0.25,,0.24,0.26,0.0,29566.0,midpoint,false
2024-12-10T14:00:00Z,0.25,,0.24,0.26,0.0,29566.0,midpoint,false
2024-12-10T16:00:00Z,0.25,,0.24,0.26,0.0,29566.0,midpoint,false
2024-12-10T20:00:00Z,0.26,0.26,0.24,0.26,36.0,29602.0,trade,false
2024-12-10T22:00:00Z,0.26,0.26,0.24,0.26,73.0,29675.0,trade,false
2024-12-11T01:00:00Z,0.24,0.24,0.24,0.26,16.0,29675.0,trade,false
2024-12-11T04:00:00Z,0.26,0.26,0.24,0.26,74.0,29749.0,trade,false
2024-12-11T05:00:00Z,0.26,0.26,0.24,0.26,182.0,29931.0,trade,false
2024-12-11T15:00:00Z,0.26,0.26,0.24,0.26,109.0,30040.0,trade,false
2024-12-11T16:00:00Z,0.26,0.26,0.24,0.26,36.0,30076.0,trade,false
2024-12-12T00:00:00Z,0.245,,0.24,0.25,0.0,30076.0,midpoint,false
2024-12-12T01:00:00Z,0.25,0.25,0.24,0.26,100.0,30076.0,trade,false
2024-12-12T02:00:00Z,0.26,0.26,0.24,0.26,182.0,30258.0,trade,false
2024-12-12T03:00:00Z,0.26,0.26,0.24,0.26,110.0,30348.0,trade,false
2024-12-12T05:00:00Z,0.26,0.26,0.24,0.26,18.0,30366.0,trade,false
2024-12-12T06:00:00Z,0.255,,0.25,0.26,0.0,30366.0,midpoint,false
2024-12-12T14:00:00Z,0.22,0.22,0.22,0.23,500.0,30839.0,trade,false
2024-12-12T18:00:00Z,0.23,0.23,0.22,0.23,82.0,30921.0,trade,false
2024-12-12T21:00:00Z,0.23,0.23,0.22,0.23,103.0,31024.0,trade,false
2024-12-12T22:00:00Z,0.21,0.21,0.21,0.22,165.0,31144.0,trade,false
2024-12-13T00:00:00Z,0.22,0.22,0.21,0.22,2.0,31146.0,trade,false
2024-12-13T01:00:00Z,0.21,0.21,0.21,0.22,62.0,31208.0,trade,false
2024-12-13T14:00:00Z,0.22,0.22,0.21,0.22,43.0,31251.0,trade,false
2024-12-13T16:00:00Z,0.2,0.2,0.2,0.22,124.0,31209.0,trade,false
2024-12-13T17:00:00Z,0.2,0.2,0.19,0.22,6.0,31215.0,trade,false
2024-12-13T18:00:00Z,0.2,,0.19,0.21,0.0,31215.0,midpoint,false
2024-12-13T19:00:00Z,0.205,,0.2,0.21,0.0,31215.0,midpoint,false
2024-12-13T23:00:00Z,0.21,0.21,0.2,0.21,324.0,31539.0,trade,false
2024-12-14T02:00:00Z,0.21,0.21,0.2,0.21,9.0,31548.0,trade,false
2024-12-14T03:00:00Z,0.22,0.22,0.2,0.22,220.0,31768.0,trade,false
2024-12-14T05:00:00Z,0.2,0.2,0.2,0.22,50.0,31788.0,trade,false
2024-12-15T01:00:00Z,0.22,0.22,0.2,0.22,87.0,31875.0,trade,false
2024-12-15T05:00:00Z,0.22,0.22,0.2,0.22,21.0,31896.0,trade,false
2024-12-15T07:00:00Z,0.22,0.22,0.2,0.22,107.0,32003.0,trade,false
2024-12-15T18:00:00Z,0.215,,0.21,0.22,0.0,32003.0,midpoint,false
2024-12-15T19:00:00Z,0.22,0.22,0.21,0.22,100.0,32103.0,trade,false
2024-12-15T20:00:00Z,0.21,0.21,0.21,0.22,100.0,32103.0,trade,false
2024-12-16T04:00:00Z,0.22,0.22,0.21,0.22,100.0,32203.0,trade,false
2024-12-16T18:00:00Z,0.22,0.22,0.21,0.22,1.0,32204.0,trade,false
2024-12-17T01:00:00Z,0.22,0.22,0.21,0.22,7.0,32211.0,trade,false
2024-12-17T03:00:00Z,0.22,0.22,0.21,0.22,25.0,32211.0,trade,false
2024-12-17T07:00:00Z,0.21,0.21,0.21,0.22,333.0,32544.0,trade,false
2024-12-17T18:00:00Z,0.21,0.21,0.21,0.22,36.0,32544.0,trade,false
2024-12-17T19:00:00Z,0.22,0.22,0.2,0.22,32.0,32544.0,trade,false
2024-12-17T20:00:00Z,0.22,0.22,0.2,0.22,430.0,32974.0,trade,false
2024-12-17T22:00:00Z,0.23,0.23,0.2,0.23,2090.0,35064.0,trade,false
2024-12-17T23:00:00Z,0.24,0.24,0.23,0.24,1500.0,36564.0,trade,false
2024-12-18T00:00:00Z,0.23,,0.22,0.24,0.0,36564.0,midpoint,false
2024-12-18T02:00:00Z,0.25,0.25,0.22,0.25,26.0,36588.0,trade,false
2024-12-18T14:00:00Z,0.25,0.25,0.22,0.25,95.0,36683.0,trade,false
2024-12-18T15:00:00Z,0.24,,0.23,0.25,0.0,36683.0,midpoint,false
2024-12-18T16:00:00Z,0.24,0.24,0.23,0.24,1.0,36684.0,trade,false
2024-12-18T17:00:00Z,0.26,0.26,0.25,0.28,3000.0,39684.0,trade,false
2024-12-18T21:00:00Z,0.25,0.25,0.25,0.28,41.0,39643.0,trade,false
2024-12-18T23:00:00Z,0.26,,0.25,0.27,0.0,39643.0,midpoint,false
2024-12-19T00:00:00Z,0.29,0.29,0.25,0.28,105.0,39744.0,trade,false
2024-12-19T01:00:00Z,0.29,0.29,0.25,0.29,328.0,40070.0,trade,false
2024-12-19T04:00:00Z,0.29,0.29,0.25,0.29,6.0,40076.0,trade,false
2024-12-19T05:00:00Z,0.29,0.29,0.25,0.29,41.0,40092.0,trade,false
2024-12-19T16:00:00Z,0.29,0.29,0.25,0.29,164.0,40256.0,trade,false
2024-12-19T18:00:00Z,0.3,0.3,0.28,0.31,655.0,40911.0,trade,false
2024-12-19T19:00:00Z,0.31,0.31,0.28,0.31,1.0,40910.0,trade,false
2024-12-19T20:00:00Z,0.28,0.28,0.28,0.31,1.0,40909.0,trade,false
2024-12-19T21:00:00Z,0.29,,0.28,0.3,0.0,40909.0,midpoint,false
2024-12-19T22:00:00Z,0.31,0.31,0.28,0.31,100.0,41008.0,trade,false
2024-12-19T23:00:00Z,0.31,0.31,0.28,0.31,12.0,41020.0,trade,false
2024-12-20T01:00:00Z,0.28,0.28,0.28,0.31,112.0,40908.0,trade,false
2024-12-20T03:00:00Z,0.23,0.23,0.28,0.31,107.0,40808.0,trade,false
2024-12-20T04:00:00Z,0.3,,0.29,0.31,0.0,40808.0,midpoint,false
2024-12-20T14:00:00Z,0.29,0.29,0.29,0.31,95.0,40808.0,trade,false
2024-12-20T16:00:00Z,0.305,,0.3,0.31,0.0,40808.0,midpoint,false
2024-12-20T17:00:00Z,0.31,0.31,0.3,0.31,153.0,40961.0,trade,false
2024-12-21T01:00:00Z,0.3,0.3,0.3,0.31,15.0,40961.0,trade,false
2024-12-21T02:00:00Z,0.31,0.31,0.31,0.32,610.0,41546.0,trade,false
2024-12-21T06:00:00Z,0.31,0.31,0.31,0.32,351.0,41546.0,trade,false
2024-12-21T07:00:00Z,0.32,0.32,0.31,0.32,11.0,41557.0,trade,false
2024-12-21T14:00:00Z,0.32,0.32,0.31,0.32,4.0,41561.0,trade,false
2024-12-21T21:00:00Z,0.32,0.32,0.31,0.32,150.0,41711.0,trade,false
2024-12-21T22:00:00Z,0.31,,0.3,0.32,0.0,41711.0,midpoint,false
2024-12-21T23:00:00Z,0.36,0.36,0.33,0.36,2167.0,43872.0,trade,false
2024-12-22T00:00:00Z,0.36,0.36,0.34,0.36,11.0,43863.0,trade,false
2024-12-22T02:00:00Z,0.33,0.33,0.33,0.36,76.0,43846.0,trade,false
2024-12-22T03:00:00Z,0.33,0.33,0.33,0.36,25.0,43871.0,trade,false
2024-12-22T15:00:00Z,0.36,0.36,0.33,0.36,2.0,43872.0,trade,false
2024-12-22T18:00:00Z,0.34,,0.32,0.36,0.0,43872.0,midpoint,false
2024-12-22T20:00:00Z,0.32,0.32,0.32,0.36,10.0,43862.0,trade,false
2024-12-23T00:00:00Z,0.36,0.36,0.32,0.36,11.0,43873.0,trade,false
2024-12-23T01:00:00Z,0.36,0.36,0.32,0.36,132.0,44005.0,trade,false
2024-12-23T02:00:00Z,0.49,0.49,0.43,0.46,7003.0,48842.0,trade,false
2024-12-23T03:00:00Z,0.4,0.4,0.4,0.43,2823.0,46029.0,trade,false
2024-12-23T06:00:00Z,0.43,0.43,0.4,0.44,323.0,46241.0,trade,false
2024-12-23T08:00:00Z,0.41,,0.38,0.44,0.0,46241.0,midpoint,false
2024-12-23T14:00:00Z,0.415,,0.39,0.44,0.0,46241.0,midpoint,false
2024-12-23T16:00:00Z,0.39,0.39,0.38,0.42,102.0,46241.0,trade,false
2024-12-23T17:00:00Z,0.43,0.43,0.39,0.43,17.0,46258.0,trade,false
2024-12-23T22:00:00Z,0.39,0.39,0.38,0.4,132.0,46389.0,trade,false
2024-12-24T05:00:00Z,0.38,0.38,0.38,0.4,10.0,46379.0,trade,false
2024-12-24T06:00:00Z,0.43,0.43,0.38,0.43,116.0,46495.0,trade,false
2024-12-24T16:00:00Z,0.38,0.38,0.38,0.43,39.0,46495.0,trade,false
2024-12-24T18:00:00Z,0.48,0.48,0.44,0.46,4157.0,50652.0,trade,false
2024-12-24T20:00:00Z,0.48,0.48,0.44,0.48,617.0,51266.0,trade,false
2024-12-24T22:00:00Z,0.48,0.48,0.44,0.48,13.0,51279.0,trade,false
2024-12-25T05:00:00Z,0.455,,0.44,0.47,0.0,51279.0,midpoint,false
2024-12-25T06:00:00Z,0.45,,0.44,0.46,0.0,51279.0,midpoint,false
2024-12-25T07:00:00Z,0.44,0.44,0.44,0.46,9.0,51270.0,trade,false
2024-12-25T14:00:00Z,0.44,0.44,0.44,0.46,5.0,51270.0,trade,false
2024-12-25T16:00:00Z,0.44,0.44,0.44,0.46,5.0,51270.0,trade,false
2024-12-25T17:00:00Z,0.44,0.44,0.44,0.46,5.0,51270.0,trade,false
2024-12-25T18:00:00Z,0.44,0.44,0.44,0.45,5.0,51270.0,trade,false
2024-12-25T22:00:00Z,0.44,0.44,0.43,0.45,172.0,51270.0,trade,false
2024-12-25T23:00:00Z,0.435,,0.43,0.44,0.0,51270.0,midpoint,false
2024-12-26T00:00:00Z,0.43,0.43,0.43,0.44,3.0,51270.0,trade,false
2024-12-26T04:00:00Z,0.43,0.43,0.43,0.44,182.0,51088.0,trade,false
2024-12-26T05:00:00Z,0.43,0.43,0.43,0.44,270.0,51088.0,trade,false
2024-12-26T16:00:00Z,0.46,0.46,0.43,0.46,105.0,51193.0,trade,false
2024-12-26T18:00:00Z,0.46,0.46,0.43,0.46,3.0,51196.0,trade,false
2024-12-26T20:00:00Z,0.435,,0.43,0.44,0.0,51196.0,midpoint,false
2024-12-26T23:00:00Z,0.42,0.42,0.42,0.44,265.0,50931.0,trade,false
2024-12-27T00:00:00Z,0.45,0.45,0.42,0.45,401.0,51037.0,trade,false
2024-12-27T05:00:00Z,0.44,,0.42,0.46,0.0,51037.0,midpoint,false
2024-12-27T21:00:00Z,0.46,0.46,0.42,0.46,65.0,51102.0,trade,false
2024-12-28T00:00:00Z,0.46,0.46,0.42,0.46,104.0,51206.0,trade,false
2024-12-28T06:00:00Z,0.46,0.46,0.42,0.46,10.0,51216.0,trade,false
2024-12-28T15:00:00Z,0.41,0.41,0.4,0.41,1623.0,49714.0,trade,false
2024-12-28T19:00:00Z,0.41,0.41,0.4,0.41,1800.0,47914.0,trade,false
2024-12-28T20:00:00Z,0.39,0.39,0.3,0.39,746.0,47179.0,trade,false
2024-12-28T21:00:00Z,0.36,0.36,0.34,0.37,3802.0,43377.0,trade,false
2024-12-28T22:00:00Z,0.31,0.31,0.27,0.31,4073.0,39403.0,trade,false
2024-12-28T23:00:00Z,0.305,,0.29,0.32,0.0,39403.0,midpoint,false
2024-12-29T00:00:00Z,0.36,0.36,0.32,0.36,3404.0,42803.0,trade,false
2024-12-29T01:00:00Z,0.37,0.37,0.32,0.37,129.0,42932.0,trade,false
2024-12-29T02:00:00Z,0.37,0.37,0.33,0.36,258.0,43190.0,trade,false
2024-12-29T03:00:00Z,0.36,0.36,0.33,0.36,52.0,43242.0,trade,false
2024-12-29T05:00:00Z,0.36,0.36,0.33,0.36,132.0,43374.0,trade,false
2024-12-29T16:00:00Z,0.36,0.36,0.33,0.36,13.0,43387.0,trade,false
2024-12-29T17:00:00Z,0.37,0.37,0.33,0.37,77.0,43464.0,trade,false
2024-12-29T18:00:00Z,0.36,,0.35,0.37,0.0,43464.0,midpoint,false
2024-12-30T04:00:00Z,0.37,0.37,0.35,0.37,314.0,43722.0,trade,false
2024-12-30T17:00:00Z,0.37,0.37,0.35,0.37,41.0,43763.0,trade,false
2024-12-30T20:00:00Z,0.37,0.37,0.35,0.37,7.0,43770.0,trade,false
2024-12-31T01:00:00Z,0.37,0.37,0.35,0.37,258.0,44028.0,trade,false
2024-12-31T03:00:00Z,0.37,0.37,0.35,0.37,2.0,44030.0,trade,false
2024-12-31T07:00:00Z,0.37,0.37,0.35,0.37,129.0,44159.0,trade,false
2024-12-31T08:00:00Z,0.35,0.35,0.35,0.37,129.0,44159.0,trade,false
2025-01-01T07:00:00Z,0.37,0.37,0.35,0.37,6.0,44165.0,trade,false
2025-01-01T14:00:00Z,0.37,0.37,0.35,0.37,12.0,44177.0,trade,false
2025-01-01T18:00:00Z,0.37,0.37,0.35,0.37,2.0,44179.0,trade,false
2025-01-01T21:00:00Z,0.37,0.37,0.35,0.37,2.0,44181.0,trade,false
2025-01-01T23:00:00Z,0.37,0.37,0.35,0.37,12.0,44193.0,trade,false
2025-01-02T01:00:00Z,0.37,0.37,0.35,0.37,129.0,44322.0,trade,false
2025-01-02T19:00:00Z,0.38,0.38,0.35,0.38,128.0,44450.0,trade,false
2025-01-02T20:00:00Z,0.38,0.38,0.35,0.39,378.0,44828.0,trade,false
2025-01-02T23:00:00Z,0.365,,0.35,0.38,0.0,44828.0,midpoint,false
2025-01-03T01:00:00Z,0.39,0.39,0.35,0.39,110.0,44938.0,trade,false
2025-01-03T02:00:00Z,0.375,,0.36,0.39,0.0,44938.0,midpoint,false
2025-01-03T05:00:00Z,0.36,0.36,0.35,0.37,50.0,44988.0,trade,false
2025-01-03T14:00:00Z,0.355,,0.35,0.36,0.0,44988.0,midpoint,false
2025-01-03T17:00:00Z,0.32,0.32,0.33,0.35,98.0,44988.0,trade,false
2025-01-03T18:00:00Z,0.34,,0.33,0.35,0.0,44988.0,midpoint,false
2025-01-03T21:00:00Z,0.35,0.35,0.34,0.35,2.0,44990.0,trade,false
2025-01-04T00:00:00Z,0.35,0.35,0.34,0.35,6.0,44996.0,trade,false
2025-01-04T06:00:00Z,0.37,0.37,0.34,0.36,1998.0,46994.0,trade,false
2025-01-04T07:00:00Z,0.355,,0.35,0.36,0.0,46994.0,midpoint,false
2025-01-05T04:00:00Z,0.36,0.36,0.35,0.36,2.0,46996.0,trade,false
2025-01-05T06:00:00Z,0.345,,0.34,0.35,0.0,46996.0,midpoint,false
2025-01-05T07:00:00Z,0.34,0.34,0.34,0.35,4.0,46996.0,trade,false
2025-01-05T16:00:00Z,0.34,0.34,0.34,0.36,293.0,47289.0,trade,false
2025-01-05T17:00:00Z,0.37,0.37,0.35,0.37,1317.0,48606.0,trade,false
2025-01-05T21:00:00Z,0.37,0.37,0.35,0.37,56.0,48662.0,trade,false
2025-01-06T00:00:00Z,0.37,0.37,0.35,0.37,64.0,48726.0,trade,false
2025-01-06T01:00:00Z,0.375,,0.35,0.4,0.0,48726.0,midpoint,false
2025-01-06T02:00:00Z,0.4,0.4,0.35,0.4,479.0,48726.0,trade,false
2025-01-06T03:00:00Z,0.35,0.35,0.35,0.39,135.0,48794.0,trade,false
2025-01-06T04:00:00Z,0.27,0.27,0.27,0.36,621.0,49157.0,trade,false
2025-01-06T05:00:00Z,0.19,0.19,0.16,0.19,849.0,49658.0,trade,false
2025-01-06T06:00:00Z,0.17,,0.16,0.18,0.0,49658.0,midpoint,false
2025-01-06T07:00:00Z,0.18,0.18,0.15,0.17,5.0,49663.0,trade,false
2025-01-06T14:00:00Z,0.175,,0.17,0.18,0.0,49663.0,midpoint,false
2025-01-06T15:00:00Z,0.18,0.18,0.17,0.18,15.0,49678.0,trade,false
2025-01-06T16:00:00Z,0.18,0.18,0.17,0.18,35.0,49678.0,trade,false
2025-01-06T17:00:00Z,0.18,0.18,0.17,0.19,405.0,50056.0,trade,false
2025-01-06T18:00:00Z,0.19,0.19,0.19,0.21,5061.0,54895.0,trade,false
2025-01-06T19:00:00Z,0.28,0.28,0.24,0.27,1149.0,55944.0,trade,false
2025-01-06T20:00:00Z,0.24,0.24,0.24,0.26,105.0,55842.0,trade,false
2025-01-06T21:00:00Z,0.245,,0.24,0.25,0.0,55842.0,midpoint,false
2025-01-06T23:00:00Z,0.23,0.23,0.23,0.24,45.0,55844.0,trade,false
2025-01-07T00:00:00Z,0.22,0.22,0.22,0.23,266.0,55865.0,trade,false
2025-01-07T01:00:00Z,0.21,0.21,0.21,0.23,100.0,55865.0,trade,false
2025-01-07T02:00:00Z,0.215,,0.21,0.22,0.0,55865.0,midpoint,false
2025-01-07T04:00:00Z,0.21,0.21,0.21,0.23,293.0,55671.0,trade,false
2025-01-07T05:00:00Z,0.21,0.21,0.21,0.23,20.0,55651.0,trade,false
2025-01-07T14:00:00Z,0.225,,0.22,0.23,0.0,55651.0,midpoint,false
2025-01-07T15:00:00Z,0.21,0.21,0.2,0.22,1118.0,56669.0,trade,false
2025-01-07T17:00:00Z,0.22,0.22,0.2,0.22,34.0,56703.0,trade,false
2025-01-07T20:00:00Z,0.22,0.22,0.2,0.22,977.0,57680.0,trade,false
2025-01-07T22:00:00Z,0.22,0.22,0.2,0.22,219.0,57899.0,trade,false
2025-01-07T23:00:00Z,0.2,0.2,0.2,0.22,12.0,57899.0,trade,false
2025-01-08T00:00:00Z,0.22,0.22,0.2,0.22,68.0,57967.0,trade,false
2025-01-08T03:00:00Z,0.22,0.22,0.2,0.22,4.0,57971.0,trade,false
2025-01-08T05:00:00Z,0.22,0.22,0.2,0.22,15.0,57986.0,trade,false
2025-01-08T14:00:00Z,0.22,0.22,0.2,0.22,215.0,58201.0,trade,false
2025-01-08T15:00:00Z,0.215,,0.21,0.22,0.0,58201.0,midpoint,false
2025-01-08T17:00:00Z,0.21,0.21,0.2,0.22,408.0,58609.0,trade,false
2025-01-08T18:00:00Z,0.21,0.21,0.19,0.21,450.0,59059.0,trade,false
2025-01-08T20:00:00Z,0.21,0.21,0.2,0.21,45.0,59104.0,trade,false
2025-01-08T21:00:00Z,0.22,0.22,0.2,0.22,6589.0,65693.0,trade,false
2025-01-08T22:00:00Z,0.23,0.23,0.24,0.25,2406.0,68099.0,trade,false
2025-01-08T23:00:00Z,0.26,0.26,0.24,0.25,4272.0,72371.0,trade,false
2025-01-09T02:00:00Z,0.25,0.25,0.24,0.25,19.0,72390.0,trade,false
2025-01-09T04:00:00Z,0.25,0.25,0.24,0.25,75.0,72465.0,trade,false
2025-01-09T06:00:00Z,0.25,0.25,0.24,0.25,5.0,72470.0,trade,false
2025-01-09T07:00:00Z,0.25,0.25,0.24,0.25,94.0,72564.0,trade,false
2025-01-09T16:00:00Z,0.25,0.25,0.24,0.25,137.0,72601.0,trade,false
2025-01-09T17:00:00Z,0.25,0.25,0.24,0.25,7.0,72608.0,trade,false
2025-01-09T18:00:00Z,0.25,0.25,0.24,0.25,26.0,72634.0,trade,false
2025-01-09T19:00:00Z,0.25,0.25,0.24,0.25,3.0,72637.0,trade,false
2025-01-09T21:00:00Z,0.25,0.25,0.24,0.25,22.0,72659.0,trade,false
2025-01-10T01:00:00Z,0.24,0.24,0.24,0.25,1.0,72660.0,trade,false
2025-01-10T02:00:00Z,0.27,0.27,0.26,0.27,2865.0,75525.0,trade,false
2025-01-10T03:00:00Z,0.27,0.27,0.25,0.27,7.0,75525.0,trade,false
2025-01-10T04:00:00Z,0.27,0.27,0.25,0.27,352.0,75877.0,trade,false
2025-01-10T05:00:00Z,0.25,0.25,0.25,0.27,434.0,75876.0,trade,false
2025-01-10T14:00:00Z,0.27,0.27,0.25,0.27,11.0,75887.0,trade,false
2025-01-10T19:00:00Z,0.25,0.25,0.25,0.27,298.0,75887.0,trade,false
2025-01-10T20:00:00Z,0.25,0.25,0.25,0.26,222.0,75671.0,trade,false
2025-01-10T23:00:00Z,0.26,0.26,0.25,0.26,259.0,75671.0,trade,false
2025-01-11T01:00:00Z,0.27,0.27,0.25,0.26,539.0,76210.0,trade,false
2025-01-11T03:00:00Z,0.26,0.26,0.26,0.27,466.0,76676.0,trade,false
2025-01-11T05:00:00Z,0.255,,0.25,0.26,0.0,76676.0,midpoint,false
2025-01-11T06:00:00Z,0.26,0.26,0.25,0.26,91.0,76767.0,trade,false
2025-01-11T16:00:00Z,0.26,0.26,0.25,0.26,36.0,76803.0,trade,false
2025-01-11T18:00:00Z,0.26,0.26,0.25,0.26,20.0,76823.0,trade,false
2025-01-11T19:00:00Z,0.25,0.25,0.25,0.26,13.0,76810.0,trade,false
2025-01-11T20:00:00Z,0.26,0.26,0.25,0.26,120.0,76930.0,trade,false
2025-01-11T23:00:00Z,0.26,0.26,0.25,0.26,18.0,76948.0,trade,false
2025-01-12T00:00:00Z,0.26,0.26,0.25,0.26,1.0,76949.0,trade,false
2025-01-12T01:00:00Z,0.26,0.26,0.25,0.26,365.0,77314.0,trade,false
2025-01-12T04:00:00Z,0.26,0.26,0.25,0.26,73.0,77387.0,trade,false
2025-01-12T06:00:00Z,0.25,0.25,0.25,0.26,415.0,77072.0,trade,false
2025-01-12T15:00:00Z,0.25,0.25,0.24,0.25,100.0,77072.0,trade,false
2025-01-12T16:00:00Z,0.25,0.25,0.24,0.25,380.0,77452.0,trade,false
2025-01-12T19:00:00Z,0.24,0.24,0.24,0.26,5668.0,83049.0,trade,false
2025-01-12T21:00:00Z,0.245,,0.24,0.25,0.0,83049.0,midpoint,false
2025-01-12T22:00:00Z,0.26,0.26,0.25,0.26,3600.0,86649.0,trade,false
2025-01-12T23:00:00Z,0.255,,0.25,0.26,0.0,86649.0,midpoint,false
2025-01-13T00:00:00Z,0.255,,0.25,0.26,0.0,86649.0,midpoint,false
2025-01-13T01:00:00Z,0.26,0.26,0.24,0.26,20.0,86669.0,trade,false
2025-01-13T02:00:00Z,0.25,0.25,0.24,0.25,32.0,86701.0,trade,false
2025-01-13T03:00:00Z,0.24,0.24,0.24,0.25,18.0,86683.0,trade,false
2025-01-13T04:00:00Z,0.24,0.24,0.23,0.24,85.0,86686.0,trade,false
2025-01-13T05:00:00Z,0.24,0.24,0.23,0.24,2.0,86688.0,trade,false
2025-01-13T15:00:00Z,0.21,0.21,0.2,0.22,3333.0,86308.0,trade,false
2025-01-13T16:00:00Z,0.2,0.2,0.2,0.22,18.0,86308.0,trade,false
2025-01-13T17:00:00Z,0.22,0.22,0.2,0.22,1331.0,87639.0,trade,false
2025-01-13T18:00:00Z,0.21,,0.2,0.22,0.0,87639.0,midpoint,false
2025-01-13T19:00:00Z,0.21,,0.2,0.22,0.0,87639.0,midpoint,false
2025-01-13T20:00:00Z,0.215,,0.21,0.22,0.0,87639.0,midpoint,false
2025-01-13T21:00:00Z,0.21,,0.2,0.22,0.0,87639.0,midpoint,false
2025-01-13T22:00:00Z,0.21,,0.2,0.22,0.0,87639.0,midpoint,false
2025-01-13T23:00:00Z,0.21,,0.2,0.22,0.0,87639.0,midpoint,false
2025-01-14T05:00:00Z,0.22,0.22,0.21,0.22,43.0,87682.0,trade,false
2025-01-14T15:00:00Z,0.21,0.21,0.21,0.22,320.0,88002.0,trade,false
2025-01-14T16:00:00Z,0.21,0.21,0.2,0.21,300.0,88302.0,trade,false
2025-01-14T17:00:00Z,0.21,,0.2,0.22,0.0,88302.0,midpoint,false
2025-01-14T18:00:00Z,0.22,0.22,0.2,0.22,430.0,88732.0,trade,false
2025-01-14T21:00:00Z,0.2,,0.19,0.21,0.0,88732.0,midpoint,false
2025-01-14T22:00:00Z,0.21,0.21,0.19,0.21,90.0,88822.0,trade,false
2025-01-15T01:00:00Z,0.21,0.21,0.19,0.21,88.0,88910.0,trade,false
2025-01-15T02:00:00Z,0.21,0.21,0.19,0.21,9.0,88919.0,trade,false
2025-01-15T04:00:00Z,0.19,0.19,0.18,0.19,800.0,89214.0,trade,false
2025-01-15T05:00:00Z,0.19,0.19,0.18,0.19,184.0,89313.0,trade,false
2025-01-15T16:00:00Z,0.17,,0.15,0.19,0.0,89313.0,midpoint,false
2025-01-15T17:00:00Z,0.16,0.16,0.16,0.18,12.0,89313.0,trade,false
2025-01-15T18:00:00Z,0.18,0.18,0.16,0.18,10.0,89313.0,trade,false
2025-01-15T20:00:00Z,0.21,0.21,0.17,0.21,1684.0,90995.0,trade,false
2025-01-15T21:00:00Z,0.19,,0.17,0.21,0.0,90995.0,midpoint,false
2025-01-15T22:00:00Z,0.19,,0.17,0.21,0.0,90995.0,midpoint,false
2025-01-16T04:00:00Z,0.21,0.21,0.17,0.21,90.0,91085.0,trade,false
2025-01-16T07:00:00Z,0.17,0.17,0.17,0.21,120.0,90965.0,trade,false
2025-01-16T16:00:00Z,0.21,0.21,0.17,0.21,45.0,91010.0,trade,false
2025-01-16T18:00:00Z,0.21,0.21,0.17,0.21,37.0,91037.0,trade,false
2025-01-17T01:00:00Z,0.21,0.21,0.17,0.21,397.0,91434.0,trade,false
2025-01-17T03:00:00Z,0.205,,0.2,0.21,0.0,91434.0,midpoint,false
2025-01-17T05:00:00Z,0.2,0.2,0.2,0.21,12.0,91446.0,trade,false
2025-01-17T06:00:00Z,0.17,0.17,0.17,0.21,45.0,91409.0,trade,false
2025-01-17T08:00:00Z,0.21,0.21,0.17,0.21,45.0,91454.0,trade,false
2025-01-17T16:00:00Z,0.18,,0.17,0.19,0.0,91454.0,midpoint,false
2025-01-17T19:00:00Z,0.18,,0.17,0.19,0.0,91454.0,midpoint,false
2025-01-17T23:00:00Z,0.16,0.16,0.16,0.19,159.0,91500.0,trade,false
2025-01-18T00:00:00Z,0.19,0.19,0.18,0.19,4.0,91504.0,trade,false
2025-01-18T02:00:00Z,0.18,0.18,0.17,0.19,125.0,91628.0,trade,false
2025-01-18T03:00:00Z,0.18,0.18,0.17,0.19,6.0,91634.0,trade,false
2025-01-18T04:00:00Z,0.175,,0.17,0.18,0.0,91634.0,midpoint,false
2025-01-18T05:00:00Z,0.18,0.18,0.17,0.18,10.0,91644.0,trade,false
2025-01-18T09:00:00Z,0.18,,0.17,0.19,0.0,91644.0,midpoint,false
2025-01-18T10:00:00Z,0.17,0.17,0.17,0.19,90.0,91644.0,trade,false
2025-01-18T14:00:00Z,0.175,,0.17,0.18,0.0,91644.0,midpoint,false
2025-01-18T16:00:00Z,0.19,0.19,0.17,0.18,2276.0,93920.0,trade,false
2025-01-18T18:00:00Z,0.18,0.18,0.17,0.18,26.0,93946.0,trade,false
2025-01-18T19:00:00Z,0.18,0.18,0.17,0.18,120.0,94066.0,trade,false
2025-01-18T22:00:00Z,0.18,0.18,0.17,0.18,78.0,94144.0,trade,false
2025-01-19T00:00:00Z,0.18,0.18,0.17,0.18,200.0,94344.0,trade,false
2025-01-19T05:00:00Z,0.18,0.18,0.17,0.18,105.0,94449.0,trade,false
2025-01-19T07:00:00Z,0.18,0.18,0.17,0.18,39.0,94449.0,trade,false
2025-01-19T08:00:00Z,0.18,0.18,0.17,0.18,5.0,94454.0,trade,false
2025-01-19T18:00:00Z,0.18,0.18,0.17,0.18,202.0,94656.0,trade,false
2025-01-19T20:00:00Z,0.17,0.17,0.17,0.18,12.0,94668.0,trade,false
2025-01-19T22:00:00Z,0.18,0.18,0.17,0.18,1202.0,95868.0,trade,false
2025-01-20T00:00:00Z,0.18,0.18,0.17,0.18,24.0,95892.0,trade,false
2025-01-20T01:00:00Z,0.18,0.18,0.17,0.18,93.0,95907.0,trade,false
2025-01-20T02:00:00Z,0.17,0.17,0.17,0.18,68.0,95918.0,trade,false
2025-01-20T03:00:00Z,0.19,0.19,0.17,0.18,361.0,96274.0,trade,false
2025-01-20T04:00:00Z,0.18,0.18,0.17,0.19,336.0,96610.0,trade,false
2025-01-20T05:00:00Z,0.21,0.21,0.17,0.2,245.0,96855.0,trade,false
2025-01-20T06:00:00Z,0.2,0.2,0.17,0.2,10.0,96865.0,trade,false
2025-01-20T07:00:00Z,0.2,0.2,0.17,0.2,72.0,96936.0,trade,false
2025-01-20T15:00:00Z,0.2,0.2,0.2,0.21,105.0,97021.0,trade,false
2025-01-20T16:00:00Z,0.21,0.21,0.2,0.21,4300.0,101321.0,trade,false
2025-01-20T17:00:00Z,0.21,0.21,0.2,0.21,14.0,101335.0,trade,false
2025-01-20T18:00:00Z,0.21,0.21,0.2,0.21,21.0,101356.0,trade,false
2025-01-20T19:00:00Z,0.2,0.2,0.18,0.2,346.0,101689.0,trade,false
2025-01-20T20:00:00Z,0.21,0.21,0.18,0.21,182.0,101871.0,trade,false
2025-01-20T21:00:00Z,0.19,0.19,0.16,0.19,2490.0,100083.0,trade,false
2025-01-20T22:00:00Z,0.19,0.19,0.15,0.19,801.0,100468.0,trade,false
2025-01-21T01:00:00Z,0.175,,0.16,0.19,0.0,100468.0,midpoint,false
2025-01-21T02:00:00Z,0.21,0.21,0.16,0.21,2298.0,102766.0,trade,false
2025-01-21T03:00:00Z,0.21,0.21,0.16,0.2,45.0,102811.0,trade,false
2025-01-21T04:00:00Z,0.2,0.2,0.16,0.2,75.0,102886.0,trade,false
2025-01-21T05:00:00Z,0.2,0.2,0.16,0.2,100.0,102986.0,trade,false
2025-01-21T06:00:00Z,0.2,0.2,0.16,0.2,94.0,103080.0,trade,false
2025-01-21T16:00:00Z,0.2,0.2,0.16,0.2,142.0,103222.0,trade,false
2025-01-21T17:00:00Z,0.2,0.2,0.16,0.2,497.0,103719.0,trade,false
2025-01-21T18:00:00Z,0.21,0.21,0.16,0.2,1401.0,105120.0,trade,false
2025-01-21T19:00:00Z,0.2,0.2,0.16,0.2,9.0,105129.0,trade,false
2025-01-21T20:00:00Z,0.16,0.16,0.16,0.2,14.0,105129.0,trade,false
2025-01-21T21:00:00Z,0.2,0.2,0.16,0.2,99.0,105222.0,trade,false
2025-01-21T22:00:00Z,0.2,0.2,0.15,0.2,919.0,105552.0,trade,false
2025-01-21T23:00:00Z,0.2,0.2,0.18,0.2,226.0,105778.0,trade,false
2025-01-22T00:00:00Z,0.2,0.2,0.18,0.21,355.0,106133.0,trade,false
2025-01-22T01:00:00Z,0.21,0.21,0.18,0.21,190.0,106323.0,trade,false
2025-01-22T02:00:00Z,0.19,,0.18,0.2,0.0,106323.0,midpoint,false
2025-01-22T03:00:00Z,0.2,0.2,0.18,0.2,50.0,106373.0,trade,false
2025-01-22T04:00:00Z,0.18,0.18,0.15,0.2,129.0,106502.0,trade,false
2025-01-22T05:00:00Z,0.2,0.2,0.15,0.2,4.0,106506.0,trade,false
2025-01-22T07:00:00Z,0.18,,0.16,0.2,0.0,106506.0,midpoint,false
2025-01-22T08:00:00Z,0.2,0.2,0.19,0.2,1.0,106507.0,trade,false
2025-01-22T14:00:00Z,0.16,0.16,0.15,0.2,4.0,106504.0,trade,false
2025-01-22T15:00:00Z,0.16,0.16,0.16,0.2,526.0,106570.0,trade,false
2025-01-22T16:00:00Z,0.2,0.2,0.16,0.2,35.0,106605.0,trade,false
2025-01-22T17:00:00Z,0.2,0.2,0.16,0.2,15.0,106620.0,trade,false
2025-01-22T18:00:00Z,0.19,0.19,0.16,0.19,49.0,106669.0,trade,false
2025-01-22T19:00:00Z,0.2,0.2,0.16,0.2,410.0,106679.0,trade,false
2025-01-22T22:00:00Z,0.2,0.2,0.16,0.2,1420.0,108099.0,trade,false
2025-01-22T23:00:00Z,0.175,,0.16,0.19,0.0,108099.0,midpoint,false
2025-01-23T00:00:00Z,0.21,0.21,0.16,0.2,2323.0,110422.0,trade,false
2025-01-23T05:00:00Z,0.175,,0.16,0.19,0.0,110422.0,midpoint,false
2025-01-23T06:00:00Z,0.19,0.19,0.16,0.19,11.0,110433.0,trade,false
2025-01-23T07:00:00Z,0.19,0.19,0.16,0.19,19.0,110452.0,trade,false
2025-01-23T14:00:00Z,0.19,0.19,0.16,0.19,32.0,110475.0,trade,false
2025-01-23T15:00:00Z,0.16,0.16,0.16,0.2,250.0,110464.0,trade,false
2025-01-23T16:00:00Z,0.17,0.17,0.17,0.19,617.0,110993.0,trade,false
2025-01-23T17:00:00Z,0.22,0.22,0.2,0.21,11554.0,122420.0,trade,false
2025-01-23T18:00:00Z,0.2,0.2,0.19,0.2,517.0,122883.0,trade,false
2025-01-23T19:00:00Z,0.2,0.2,0.19,0.2,857.0,123168.0,trade,false
2025-01-23T20:00:00Z,0.19,0.19,0.18,0.2,6.0,123168.0,trade,false
2025-01-23T21:00:00Z,0.16,0.16,0.17,0.19,2962.0,123165.0,trade,false
2025-01-23T22:00:00Z,0.19,0.19,0.18,0.19,88.0,123114.0,trade,false
2025-01-23T23:00:00Z,0.18,0.18,0.17,0.19,740.0,123811.0,trade,false
2025-01-24T00:00:00Z,0.19,0.19,0.17,0.18,55.0,123866.0,trade,false
2025-01-24T01:00:00Z,0.19,0.19,0.17,0.18,388.0,124254.0,trade,false
2025-01-24T02:00:00Z,0.18,0.18,0.17,0.19,294.0,124548.0,trade,false
2025-01-24T03:00:00Z,0.15,0.15,0.16,0.18,1691.0,124576.0,trade,false
2025-01-24T04:00:00Z,0.175,,0.17,0.18,0.0,124576.0,midpoint,false
2025-01-24T05:00:00Z,0.17,0.17,0.16,0.17,76.0,124652.0,trade,false
2025-01-24T06:00:00Z,0.17,0.17,0.16,0.17,5.0,124657.0,trade,false
2025-01-24T15:00:00Z,0.17,0.17,0.16,0.17,27.0,124684.0,trade,false
2025-01-24T16:00:00Z,0.18,0.18,0.17,0.18,531.0,125213.0,trade,false
2025-01-24T17:00:00Z,0.17,,0.16,0.18,0.0,125213.0,midpoint,false
2025-01-24T18:00:00Z,0.18,0.18,0.16,0.18,104.0,125317.0,trade,false
2025-01-24T19:00:00Z,0.18,0.18,0.16,0.18,198.0,125381.0,trade,false
2025-01-24T20:00:00Z,0.18,0.18,0.16,0.18,85.0,125466.0,trade,false
2025-01-24T21:00:00Z,0.18,0.18,0.16,0.18,176.0,125552.0,trade,false
2025-01-24T23:00:00Z,0.18,0.18,0.17,0.18,5.0,125557.0,trade,false
2025-01-25T00:00:00Z,0.18,0.18,0.16,0.18,774.0,125937.0,trade,false
2025-01-25T01:00:00Z,0.18,0.18,0.17,0.18,420.0,126357.0,trade,false
2025-01-25T03:00:00Z,0.18,0.18,0.17,0.18,26.0,126383.0,trade,false
2025-01-25T05:00:00Z,0.18,0.18,0.17,0.18,5.0,126388.0,trade,false
2025-01-25T06:00:00Z,0.18,0.18,0.16,0.18,102.0,126488.0,trade,false
2025-01-25T08:00:00Z,0.18,0.18,0.16,0.18,20.0,126508.0,trade,false
2025-01-25T17:00:00Z,0.16,0.16,0.16,0.18,126.0,126530.0,trade,false
2025-01-25T18:00:00Z,0.18,0.18,0.16,0.18,52.0,126582.0,trade,false
2025-01-25T19:00:00Z,0.18,0.18,0.16,0.18,205.0,126787.0,trade,false
2025-01-25T22:00:00Z,0.165,,0.16,0.17,0.0,126787.0,midpoint,false
2025-01-25T23:00:00Z,0.17,0.17,0.16,0.17,210.0,126997.0,trade,false
2025-01-26T00:00:00Z,0.16,0.16,0.16,0.17,389.0,127327.0,trade,false
2025-01-26T01:00:00Z,0.17,0.17,0.16,0.17,200.0,127472.0,trade,false
2025-01-26T02:00:00Z,0.17,,0.16,0.18,0.0,127472.0,midpoint,false
2025-01-26T04:00:00Z,0.16,0.16,0.16,0.18,10.0,127462.0,trade,false
2025-01-26T05:00:00Z,0.16,0.16,0.16,0.18,124.0,127462.0,trade,false
2025-01-26T06:00:00Z,0.165,,0.16,0.17,0.0,127462.0,midpoint,false
2025-01-26T07:00:00Z,0.17,0.17,0.16,0.17,5.0,127467.0,trade,false
2025-01-26T08:00:00Z,0.16,0.16,0.16,0.17,105.0,127362.0,trade,false
2025-01-26T15:00:00Z,0.17,0.17,0.15,0.17,55.0,127417.0,trade,false
2025-01-26T16:00:00Z,0.15,0.15,0.14,0.17,43.0,127406.0,trade,false
2025-01-26T17:00:00Z,0.14,0.14,0.14,0.17,38.0,127434.0,trade,false
2025-01-26T18:00:00Z,0.18,0.18,0.14,0.18,544.0,127950.0,trade,false
2025-01-26T19:00:00Z,0.18,0.18,0.14,0.18,52.0,128002.0,trade,false
2025-01-26T21:00:00Z,0.18,0.18,0.14,0.18,37.0,128039.0,trade,false
2025-01-26T22:00:00Z,0.18,0.18,0.14,0.18,55.0,128043.0,trade,false
2025-01-27T00:00:00Z,0.18,0.18,0.14,0.18,10.0,128053.0,trade,false
2025-01-27T03:00:00Z,0.14,0.14,0.14,0.18,150.0,128203.0,trade,false
2025-01-27T04:00:00Z,0.165,,0.16,0.17,0.0,128203.0,midpoint,false
2025-01-27T07:00:00Z,0.17,,0.16,0.18,0.0,128203.0,midpoint,false
2025-01-27T08:00:00Z,0.18,0.18,0.16,0.18,26.0,128229.0,trade,false
2025-01-27T17:00:00Z,0.18,0.18,0.16,0.18,200.0,128429.0,trade,false
2025-01-27T18:00:00Z,0.18,0.18,0.17,0.18,15.0,128444.0,trade,false
2025-01-27T20:00:00Z,0.18,0.18,0.17,0.18,26.0,128470.0,trade,false
2025-01-27T21:00:00Z,0.18,0.18,0.17,0.18,356.0,128470.0,trade,false
2025-01-27T23:00:00Z,0.17,0.17,0.17,0.18,650.0,128470.0,trade,false
2025-01-28T01:00:00Z,0.18,0.18,0.17,0.18,262.0,128732.0,trade,false
2025-01-28T03:00:00Z,0.17,0.17,0.17,0.18,119.0,128851.0,trade,false
2025-01-28T08:00:00Z,0.18,0.18,0.17,0.18,15.0,128866.0,trade,false
2025-01-28T15:00:00Z,0.18,0.18,0.17,0.18,21.0,128887.0,trade,false
2025-01-28T16:00:00Z,0.17,0.17,0.17,0.18,956.0,128887.0,trade,false
2025-01-28T22:00:00Z,0.17,0.17,0.17,0.18,10.0,128887.0,trade,false
2025-01-29T04:00:00Z,0.17,0.17,0.17,0.18,30.0,128887.0,trade,false
2025-01-29T05:00:00Z,0.18,0.18,0.17,0.18,15.0,128902.0,trade,false
2025-01-29T07:00:00Z,0.18,0.18,0.17,0.18,26.0,128928.0,trade,false
2025-01-29T15:00:00Z,0.18,0.18,0.17,0.18,50.0,128978.0,trade,false
2025-01-29T16:00:00Z,0.18,0.18,0.17,0.18,26.0,129004.0,trade,false
2025-01-29T18:00:00Z,0.17,0.17,0.17,0.18,22.0,128982.0,trade,false
2025-01-29T23:00:00Z,0.18,0.18,0.17,0.18,525.0,129507.0,trade,false
2025-01-30T00:00:00Z,0.16,0.16,0.16,0.17,529.0,129507.0,trade,false
2025-01-30T01:00:00Z,0.17,0.17,0.16,0.17,233.0,129709.0,trade,false
2025-01-30T02:00:00Z,0.17,0.17,0.16,0.17,94.0,129709.0,trade,false
2025-01-30T06:00:00Z,0.16,0.16,0.15,0.17,1781.0,129834.0,trade,false
2025-01-30T07:00:00Z,0.15,0.15,0.15,0.17,308.0,129834.0,trade,false
2025-01-30T14:00:00Z,0.17,0.17,0.15,0.17,55.0,129889.0,trade,false
2025-01-30T15:00:00Z,0.15,0.15,0.15,0.17,211.0,130000.0,trade,false
2025-01-30T16:00:00Z,0.155,,0.15,0.16,0.0,130000.0,midpoint,false
2025-01-30T18:00:00Z,0.15,0.15,0.15,0.17,1007.0,129993.0,trade,false
2025-01-30T19:00:00Z,0.155,,0.15,0.16,0.0,129993.0,midpoint,false
2025-01-30T20:00:00Z,0.16,0.16,0.15,0.16,116.0,130109.0,trade,false
2025-01-30T21:00:00Z,0.16,0.16,0.16,0.17,398.0,130136.0,trade,false
2025-01-30T22:00:00Z,0.16,0.16,0.16,0.17,1.0,130136.0,trade,false
2025-01-31T00:00:00Z,0.17,0.17,0.16,0.17,105.0,130241.0,trade,false
2025-01-31T01:00:00Z,0.16,0.16,0.16,0.17,258.0,129983.0,trade,false
2025-01-31T04:00:00Z,0.17,0.17,0.16,0.17,3.0,129983.0,trade,false
2025-01-31T06:00:00Z,0.17,0.17,0.16,0.17,277.0,130260.0,trade,false
2025-01-31T07:00:00Z,0.16,0.16,0.16,0.17,15.0,130274.0,trade,false
2025-01-31T14:00:00Z,0.16,0.16,0.16,0.17,88.0,130274.0,trade,false
2025-01-31T16:00:00Z,0.17,0.17,0.16,0.17,37.0,130311.0,trade,false
2025-01-31T18:00:00Z,0.17,0.17,0.16,0.17,378.0,130394.0,trade,false
2025-01-31T19:00:00Z,0.17,0.17,0.16,0.17,1087.0,130693.0,trade,false
2025-01-31T20:00:00Z,0.17,0.17,0.16,0.17,16.0,130709.0,trade,false
2025-01-31T21:00:00Z,0.17,0.17,0.16,0.17,352.0,131061.0,trade,false
2025-02-01T00:00:00Z,0.16,0.16,0.16,0.17,1.0,131062.0,trade,false
2025-02-01T01:00:00Z,0.17,0.17,0.16,0.17,27.0,131089.0,trade,false
2025-02-01T03:00:00Z,0.17,0.17,0.16,0.17,396.0,131089.0,trade,false
2025-02-01T04:00:00Z,0.17,0.17,0.16,0.17,338.0,131227.0,trade,false
2025-02-01T05:00:00Z,0.17,0.17,0.16,0.17,194.0,131327.0,trade,false
2025-02-01T06:00:00Z,0.17,0.17,0.16,0.17,263.0,131532.0,trade,false
2025-02-01T14:00:00Z,0.17,0.17,0.16,0.17,297.0,131532.0,trade,false
2025-02-01T15:00:00Z,0.16,0.16,0.16,0.17,100.0,131632.0,trade,false
2025-02-01T16:00:00Z,0.17,0.17,0.16,0.17,111.0,131743.0,trade,false
2025-02-01T17:00:00Z,0.17,0.17,0.16,0.17,222.0,131965.0,trade,false
2025-02-01T18:00:00Z,0.17,0.17,0.16,0.18,483.0,131965.0,trade,false
2025-02-01T19:00:00Z,0.18,0.18,0.16,0.18,5.0,131970.0,trade,false
2025-02-01T20:00:00Z,0.18,0.18,0.17,0.18,8120.0,140088.0,trade,false
2025-02-01T22:00:00Z,0.18,0.18,0.17,0.18,15.0,140103.0,trade,false
2025-02-01T23:00:00Z,0.18,0.18,0.17,0.18,2938.0,139616.0,trade,false
2025-02-02T00:00:00Z,0.175,,0.17,0.18,0.0,139616.0,midpoint,false
2025-02-02T01:00:00Z,0.18,0.18,0.17,0.18,283.0,139899.0,trade,false
2025-02-02T02:00:00Z,0.18,0.18,0.17,0.18,718.0,139818.0,trade,false
2025-02-02T04:00:00Z,0.17,0.17,0.17,0.18,9.0,139809.0,trade,false
2025-02-02T06:00:00Z,0.18,0.18,0.17,0.18,78.0,139887.0,trade,false
2025-02-02T15:00:00Z,0.18,0.18,0.17,0.18,54.0,139941.0,trade,false
2025-02-02T18:00:00Z,0.18,0.18,0.18,0.19,2171.0,142070.0,trade,false
2025-02-02T19:00:00Z,0.19,0.19,0.18,0.19,74.0,142144.0,trade,false
2025-02-02T21:00:00Z,0.18,0.18,0.18,0.19,96.0,142169.0,trade,false
2025-02-03T02:00:00Z,0.19,0.19,0.18,0.19,498.0,142667.0,trade,false
2025-02-03T03:00:00Z,0.18,0.18,0.18,0.19,618.0,143285.0,trade,false
2025-02-03T04:00:00Z,0.18,0.18,0.18,0.19,50.0,143281.0,trade,false
2025-02-03T05:00:00Z,0.19,0.19,0.17,0.18,776.0,143003.0,trade,false
2025-02-03T06:00:00Z,0.19,0.19,0.17,0.18,1015.0,144018.0,trade,false
2025-02-03T07:00:00Z,0.18,0.18,0.17,0.18,131.0,144149.0,trade,false
2025-02-03T14:00:00Z,0.17,0.17,0.17,0.18,91.0,144149.0,trade,false
2025-02-03T15:00:00Z,0.17,0.17,0.17,0.18,163.0,144149.0,trade,false
2025-02-03T16:00:00Z,0.17,0.17,0.17,0.18,719.0,143771.0,trade,false
2025-02-03T17:00:00Z,0.17,0.17,0.17,0.18,559.0,143771.0,trade,false
2025-02-03T18:00:00Z,0.18,0.18,0.17,0.18,26.0,143797.0,trade,false
2025-02-03T19:00:00Z,0.18,0.18,0.17,0.18,536.0,143628.0,trade,false
2025-02-03T20:00:00Z,0.18,0.18,0.17,0.18,52.0,143680.0,trade,false
2025-02-03T21:00:00Z,0.17,0.17,0.17,0.18,293.0,143697.0,trade,false
2025-02-03T23:00:00Z,0.17,0.17,0.16,0.17,68.0,143697.0,trade,false
2025-02-04T00:00:00Z,0.17,0.17,0.16,0.17,27.0,143724.0,trade,false
2025-02-04T01:00:00Z,0.17,0.17,0.16,0.17,16.0,143740.0,trade,false
2025-02-04T02:00:00Z,0.16,0.16,0.16,0.17,136.0,143751.0,trade,false
2025-02-04T03:00:00Z,0.16,0.16,0.16,0.17,962.0,144713.0,trade,false
2025-02-04T04:00:00Z,0.16,0.16,0.16,0.17,432.0,145145.0,trade,false
2025-02-04T05:00:00Z,0.16,0.16,0.16,0.17,165.0,145280.0,trade,false
2025-02-04T07:00:00Z,0.16,0.16,0.16,0.17,6.0,145286.0,trade,false
2025-02-04T08:00:00Z,0.17,0.17,0.16,0.17,70.0,145336.0,trade,false
2025-02-04T14:00:00Z,0.17,0.17,0.16,0.17,138.0,145474.0,trade,false
2025-02-04T15:00:00Z,0.16,0.16,0.15,0.16,1451.0,146229.0,trade,false
2025-02-04T16:00:00Z,0.16,0.16,0.16,0.17,340.0,146482.0,trade,false
2025-02-04T17:00:00Z,0.17,0.17,0.16,0.17,830.0,147253.0,trade,false
2025-02-04T19:00:00Z,0.17,0.17,0.16,0.17,167.0,147420.0,trade,false
2025-02-04T21:00:00Z,0.16,0.16,0.16,0.17,146.0,147474.0,trade,false
2025-02-04T22:00:00Z,0.16,,0.15,0.17,0.0,147474.0,midpoint,false
2025-02-05T01:00:00Z,0.17,0.17,0.15,0.17,284.0,147758.0,trade,false
2025-02-05T02:00:00Z,0.17,0.17,0.15,0.17,2.0,147760.0,trade,false
2025-02-05T05:00:00Z,0.15,0.15,0.15,0.16,65.0,147805.0,trade,false
2025-02-05T06:00:00Z,0.16,0.16,0.15,0.16,177.0,147982.0,trade,false
2025-02-05T08:00:00Z,0.16,0.16,0.15,0.16,323.0,147705.0,trade,false
2025-02-05T14:00:00Z,0.16,0.16,0.15,0.16,59.0,147764.0,trade,false
2025-02-05T15:00:00Z,0.16,0.16,0.15,0.16,23.0,147787.0,trade,false
2025-02-05T16:00:00Z,0.15,0.15,0.15,0.16,658.0,147787.0,trade,false
2025-02-05T19:00:00Z,0.16,0.16,0.16,0.17,1666.0,149453.0,trade,false
2025-02-05T20:00:00Z,0.16,0.16,0.16,0.17,162.0,149615.0,trade,false
2025-02-05T21:00:00Z,0.18,0.18,0.16,0.17,4722.0,154337.0,trade,false
2025-02-05T22:00:00Z,0.16,0.16,0.16,0.17,375.0,154359.0,trade,false
2025-02-06T00:00:00Z,0.17,0.17,0.16,0.17,1023.0,155382.0,trade,false
2025-02-06T01:00:00Z,0.16,0.16,0.16,0.17,248.0,155134.0,trade,false
2025-02-06T03:00:00Z,0.17,0.17,0.16,0.17,600.0,155503.0,trade,false
2025-02-06T04:00:00Z,0.17,0.17,0.16,0.17,4.0,155503.0,trade,false
2025-02-06T15:00:00Z,0.16,0.16,0.16,0.17,25.0,155478.0,trade,false
2025-02-06T16:00:00Z,0.17,0.17,0.16,0.17,277.0,155703.0,trade,false
2025-02-06T20:00:00Z,0.17,0.17,0.16,0.17,138.0,155841.0,trade,false
2025-02-06T21:00:00Z,0.17,0.17,0.16,0.17,1.0,155842.0,trade,false
2025-02-07T00:00:00Z,0.17,0.17,0.16,0.17,27.0,155869.0,trade,false
2025-02-07T02:00:00Z,0.17,0.17,0.16,0.17,27.0,155896.0,trade,false
2025-02-07T04:00:00Z,0.16,0.16,0.16,0.17,131.0,155896.0,trade,false
2025-02-07T08:00:00Z,0.17,0.17,0.16,0.17,11.0,155907.0,trade,false
2025-02-07T18:00:00Z,0.18,0.18,0.16,0.18,663.0,156570.0,trade,false
2025-02-07T19:00:00Z,0.16,0.16,0.16,0.18,26.0,156570.0,trade,false
2025-02-07T20:00:00Z,0.18,0.18,0.16,0.18,26.0,156596.0,trade,false
2025-02-07T21:00:00Z,0.18,0.18,0.16,0.18,4.0,156600.0,trade,false
2025-02-07T23:00:00Z,0.18,0.18,0.16,0.18,525.0,157125.0,trade,false
2025-02-08T00:00:00Z,0.16,0.16,0.16,0.18,334.0,157429.0,trade,false
2025-02-08T01:00:00Z,0.18,0.18,0.16,0.18,293.0,157722.0,trade,false
2025-02-08T02:00:00Z,0.18,0.18,0.16,0.18,1500.0,159222.0,trade,false
2025-02-08T03:00:00Z,0.13,0.13,0.12,0.16,23314.0,158779.0,trade,false
2025-02-08T04:00:00Z,0.27,0.27,0.24,0.25,11409.0,167743.0,trade,false
2025-02-08T05:00:00Z,0.25,0.25,0.24,0.25,763.0,168506.0,trade,false
2025-02-08T06:00:00Z,0.25,0.25,0.24,0.26,2621.0,170847.0,trade,false
2025-02-08T07:00:00Z,0.27,0.27,0.25,0.27,671.0,170913.0,trade,false
2025-02-08T14:00:00Z,0.27,0.27,0.25,0.27,212.0,171125.0,trade,false
2025-02-08T15:00:00Z,0.28,0.28,0.26,0.29,8470.0,176500.0,trade,false
2025-02-08T16:00:00Z,0.265,,0.26,0.27,0.0,176500.0,midpoint,false
2025-02-08T17:00:00Z,0.26,0.26,0.25,0.27,1.0,176499.0,trade,false
2025-02-08T18:00:00Z,0.26,0.26,0.25,0.26,71.0,176499.0,trade,false
2025-02-08T19:00:00Z,0.25,0.25,0.25,0.26,300.0,176199.0,trade,false
2025-02-08T20:00:00Z,0.27,0.27,0.25,0.27,357.0,176200.0,trade,false
2025-02-08T21:00:00Z,0.27,0.27,0.26,0.27,87.0,176280.0,trade,false
2025-02-08T23:00:00Z,0.27,0.27,0.25,0.26,45.0,176312.0,trade,false
2025-02-09T00:00:00Z,0.27,0.27,0.26,0.27,625.0,175917.0,trade,false
2025-02-09T01:00:00Z,0.26,0.26,0.26,0.27,281.0,176159.0,trade,false
2025-02-09T02:00:00Z,0.26,0.26,0.26,0.27,20.0,176179.0,trade,false
2025-02-09T03:00:00Z,0.28,0.28,0.27,0.28,998.0,175705.0,trade,false
2025-02-09T04:00:00Z,0.29,0.29,0.27,0.28,1572.0,174969.0,trade,false
2025-02-09T05:00:00Z,0.27,0.27,0.27,0.28,268.0,174969.0,trade,false
2025-02-09T06:00:00Z,0.37,0.37,0.33,0.37,3103.0,177557.0,trade,false
2025-02-09T07:00:00Z,0.61,0.61,0.59,0.61,17409.0,183245.0,trade,false
2025-02-09T08:00:00Z,0.59,0.59,0.59,0.6,3787.0,184636.0,trade,false
2025-02-09T14:00:00Z,0.61,0.61,0.61,0.62,1229.0,184659.0,trade,false
2025-02-09T15:00:00Z,0.62,0.62,0.61,0.62,47.0,184704.0,trade,false
2025-02-09T16:00:00Z,0.61,0.61,0.61,0.62,1355.0,184643.0,trade,false
2025-02-09T17:00:00Z,0.61,0.61,0.6,0.61,816.0,185125.0,trade,false
2025-02-09T18:00:00Z,0.61,0.61,0.6,0.61,502.0,185388.0,trade,false
2025-02-09T19:00:00Z,0.61,0.61,0.6,0.61,89.0,185388.0,trade,false
2025-02-09T20:00:00Z,0.61,0.61,0.59,0.61,1865.0,186728.0,trade,false
2025-02-09T21:00:00Z,0.61,0.61,0.59,0.61,123.0,186851.0,trade,false
2025-02-09T22:00:00Z,0.61,0.61,0.59,0.6,253.0,187096.0,trade,false
2025-02-09T23:00:00Z,0.59,0.59,0.58,0.59,2671.0,187353.0,trade,false
2025-02-10T00:00:00Z,0.6,0.6,0.6,0.61,6064.0,193266.0,trade,false
2025-02-10T01:00:00Z,0.6,0.6,0.59,0.6,2633.0,194530.0,trade,false
2025-02-10T02:00:00Z,0.59,0.59,0.58,0.59,667.0,194521.0,trade,false
2025-02-10T03:00:00Z,0.59,0.59,0.57,0.59,3228.0,195015.0,trade,false
2025-02-10T04:00:00Z,0.6,0.6,0.58,0.6,4325.0,196675.0,trade,false
2025-02-10T05:00:00Z,0.59,0.59,0.59,0.6,1487.0,197998.0,trade,false
2025-02-10T06:00:00Z,0.61,0.61,0.6,0.61,2514.0,200504.0,trade,false
2025-02-10T07:00:00Z,0.61,0.61,0.6,0.61,274.0,200778.0,trade,false
2025-02-10T08:00:00Z,0.61,0.61,0.6,0.61,527.0,201303.0,trade,false
2025-02-10T14:00:00Z,0.61,0.61,0.6,0.61,2073.0,203356.0,trade,false
2025-02-10T15:00:00Z,0.61,0.61,0.6,0.61,571.0,203927.0,trade,false
2025-02-10T16:00:00Z,0.6,0.6,0.6,0.61,597.0,204516.0,trade,false
2025-02-10T17:00:00Z,0.6,0.6,0.6,0.61,519.0,204519.0,trade,false
2025-02-10T18:00:00Z,0.6,0.6,0.6,0.61,3902.0,207221.0,trade,false
2025-02-10T19:00:00Z,0.61,0.61,0.6,0.61,860.0,208081.0,trade,false
2025-02-10T20:00:00Z,0.6,0.6,0.6,0.61,276.0,208357.0,trade,false
2025-02-10T21:00:00Z,0.61,0.61,0.6,0.61,1308.0,209523.0,trade,false
2025-02-10T22:00:00Z,0.61,0.61,0.6,0.61,22.0,209545.0,trade,false
2025-02-10T23:00:00Z,0.61,0.61,0.6,0.61,2605.0,211378.0,trade,false
2025-02-11T00:00:00Z,0.61,0.61,0.59,0.61,3967.0,212381.0,trade,false
2025-02-11T01:00:00Z,0.6,0.6,0.59,0.6,339.0,212313.0,trade,false
2025-02-11T02:00:00Z,0.6,0.6,0.59,0.6,163.0,212476.0,trade,false
2025-02-11T03:00:00Z,0.6,0.6,0.59,0.6,653.0,212826.0,trade,false
2025-02-11T04:00:00Z,0.59,0.59,0.59,0.61,853.0,212825.0,trade,false
2025-02-11T05:00:00Z,0.61,0.61,0.59,0.61,55.0,212840.0,trade,false
2025-02-11T06:00:00Z,0.58,0.58,0.58,0.6,3312.0,212379.0,trade,false
2025-02-11T07:00:00Z,0.6,0.6,0.58,0.6,32.0,212411.0,trade,false
2025-02-11T08:00:00Z,0.6,0.6,0.59,0.6,205.0,212444.0,trade,false
2025-02-11T14:00:00Z,0.59,0.59,0.58,0.59,664.0,212887.0,trade,false
2025-02-11T15:00:00Z,0.58,0.58,0.58,0.59,493.0,213323.0,trade,false
2025-02-11T16:00:00Z,0.58,0.58,0.58,0.59,11.0,213334.0,trade,false
2025-02-11T17:00:00Z,0.6,0.6,0.59,0.6,375.0,213672.0,trade,false
2025-02-11T18:00:00Z,0.6,0.6,0.59,0.6,503.0,213882.0,trade,false
2025-02-11T19:00:00Z,0.6,0.6,0.59,0.6,167.0,214049.0,trade,false
2025-02-11T20:00:00Z,0.6,0.6,0.59,0.6,85.0,214123.0,trade,false
2025-02-11T21:00:00Z,0.6,0.6,0.59,0.6,17.0,214140.0,trade,false
2025-02-11T22:00:00Z,0.59,0.59,0.59,0.6,394.0,214140.0,trade,false
2025-02-11T23:00:00Z,0.6,0.6,0.59,0.6,172.0,214312.0,trade,false
2025-02-12T00:00:00Z,0.6,0.6,0.6,0.61,384.0,214696.0,trade,false
2025-02-12T04:00:00Z,0.61,0.61,0.6,0.61,913.0,215047.0,trade,false
2025-02-12T05:00:00Z,0.6,0.6,0.6,0.61,1108.0,215077.0,trade,false
2025-02-12T06:00:00Z,0.61,0.61,0.6,0.61,90.0,215156.0,trade,false
2025-02-12T08:00:00Z,0.61,0.61,0.6,0.61,83.0,215239.0,trade,false
2025-02-12T14:00:00Z,0.61,0.61,0.6,0.61,72.0,215254.0,trade,false
2025-02-12T15:00:00Z,0.6,0.6,0.59,0.6,372.0,215626.0,trade,false
2025-02-12T16:00:00Z,0.6,0.6,0.59,0.6,16.0,215642.0,trade,false
2025-02-12T17:00:00Z,0.59,0.59,0.59,0.61,110.0,215721.0,trade,false
2025-02-12T18:00:00Z,0.61,0.61,0.59,0.61,95.0,215816.0,trade,false
2025-02-12T19:00:00Z,0.61,0.61,0.59,0.6,181.0,215958.0,trade,false
2025-02-12T20:00:00Z,0.6,0.6,0.59,0.6,804.0,216762.0,trade,false
2025-02-12T22:00:00Z,0.6,0.6,0.59,0.6,404.0,217040.0,trade,false
2025-02-12T23:00:00Z,0.61,0.61,0.6,0.61,922.0,217093.0,trade,false
2025-02-13T00:00:00Z,0.6,0.6,0.59,0.6,147.0,217240.0,trade,false
2025-02-13T01:00:00Z,0.59,0.59,0.59,0.61,292.0,217481.0,trade,false
2025-02-13T02:00:00Z,0.61,0.61,0.59,0.61,881.0,218362.0,trade,false
2025-02-13T03:00:00Z,0.6,0.6,0.59,0.6,258.0,218620.0,trade,false
2025-02-13T04:00:00Z,0.61,0.61,0.59,0.6,618.0,218895.0,trade,false
2025-02-13T05:00:00Z,0.59,0.59,0.59,0.6,26.0,218895.0,trade,false
2025-02-13T06:00:00Z,0.59,0.59,0.59,0.6,258.0,219153.0,trade,false
2025-02-13T07:00:00Z,0.61,0.61,0.59,0.6,1395.0,220240.0,trade,false
2025-02-13T08:00:00Z,0.6,0.6,0.59,0.6,8.0,220248.0,trade,false
2025-02-13T14:00:00Z,0.6,0.6,0.59,0.6,16.0,220264.0,trade,false
2025-02-13T15:00:00Z,0.61,0.61,0.59,0.61,47.0,220311.0,trade,false
2025-02-13T16:00:00Z,0.61,0.61,0.6,0.61,439.0,220745.0,trade,false
2025-02-13T17:00:00Z,0.605,,0.6,0.61,0.0,220745.0,midpoint,false
2025-02-13T18:00:00Z,0.61,0.61,0.6,0.61,111.0,220674.0,trade,false
2025-02-13T19:00:00Z,0.6,0.6,0.6,0.61,412.0,221077.0,trade,false
2025-02-13T20:00:00Z,0.61,0.61,0.61,0.62,5761.0,226453.0,trade,false
2025-02-13T21:00:00Z,0.62,0.62,0.6,0.62,210.0,226616.0,trade,false
2025-02-13T22:00:00Z,0.61,0.61,0.61,0.62,621.0,227060.0,trade,false
2025-02-13T23:00:00Z,0.61,0.61,0.6,0.61,1131.0,228161.0,trade,false
2025-02-14T00:00:00Z,0.61,0.61,0.6,0.61,493.0,228559.0,trade,false
2025-02-14T01:00:00Z,0.61,0.61,0.6,0.61,3.0,228562.0,trade,false
2025-02-14T02:00:00Z,0.61,0.61,0.6,0.61,340.0,228902.0,trade,false
2025-02-14T03:00:00Z,0.61,0.61,0.6,0.61,398.0,229300.0,trade,false
2025-02-14T04:00:00Z,0.61,0.61,0.6,0.61,1217.0,230517.0,trade,false
2025-02-14T05:00:00Z,0.6,0.6,0.6,0.61,23.0,230540.0,trade,false
2025-02-14T07:00:00Z,0.62,0.62,0.61,0.63,6317.0,236607.0,trade,false
2025-02-14T08:00:00Z,0.61,0.61,0.61,0.63,163.0,236730.0,trade,false
2025-02-14T14:00:00Z,0.62,0.62,0.62,0.63,177.0,236907.0,trade,false
2025-02-14T15:00:00Z,0.63,0.63,0.61,0.63,108.0,237015.0,trade,false
2025-02-14T16:00:00Z,0.615,,0.61,0.62,0.0,237015.0,midpoint,false
2025-02-14T17:00:00Z,0.64,0.64,0.62,0.64,1192.0,238195.0,trade,false
2025-02-14T18:00:00Z,0.65,0.65,0.63,0.64,97.0,238292.0,trade,false
2025-02-14T20:00:00Z,0.62,0.62,0.62,0.64,617.0,238216.0,trade,false
2025-02-14T21:00:00Z,0.63,0.63,0.63,0.64,260.0,238445.0,trade,false
2025-02-14T22:00:00Z,0.65,0.65,0.63,0.65,1110.0,239288.0,trade,false
2025-02-14T23:00:00Z,0.65,0.65,0.64,0.65,596.0,239684.0,trade,false
2025-02-15T00:00:00Z,0.65,0.65,0.64,0.65,430.0,240114.0,trade,false
2025-02-15T01:00:00Z,0.63,0.63,0.64,0.65,253.0,240006.0,trade,false
2025-02-15T02:00:00Z,0.63,0.63,0.63,0.65,669.0,240572.0,trade,false
2025-02-15T03:00:00Z,0.64,0.64,0.63,0.64,418.0,240870.0,trade,false
2025-02-15T04:00:00Z,0.62,0.62,0.62,0.63,339.0,241206.0,trade,false
2025-02-15T05:00:00Z,0.62,0.62,0.62,0.64,1585.0,241300.0,trade,false
2025-02-15T06:00:00Z,0.63,0.63,0.62,0.63,286.0,241585.0,trade,false
2025-02-15T07:00:00Z,0.63,0.63,0.62,0.63,65.0,241585.0,trade,false
2025-02-15T08:00:00Z,0.62,0.62,0.62,0.63,188.0,241773.0,trade,false
2025-02-15T13:00:00Z,0.615,,0.6,0.63,0.0,241773.0,midpoint,false
2025-02-15T14:00:00Z,0.63,0.63,0.62,0.63,301.0,241974.0,trade,false
2025-02-15T15:00:00Z,0.63,0.63,0.62,0.63,294.0,242004.0,trade,false
2025-02-15T16:00:00Z,0.63,0.63,0.62,0.63,906.0,242565.0,trade,false
2025-02-15T17:00:00Z,0.63,0.63,0.62,0.63,80.0,242599.0,trade,false
2025-02-15T18:00:00Z,0.62,0.62,0.63,0.64,189.0,242603.0,trade,false
2025-02-15T19:00:00Z,0.64,0.64,0.63,0.64,304.0,242907.0,trade,false
2025-02-15T20:00:00Z,0.63,0.63,0.63,0.64,1215.0,242922.0,trade,false
2025-02-15T21:00:00Z,0.64,0.64,0.63,0.64,80.0,242992.0,trade,false
2025-02-15T22:00:00Z,0.63,0.63,0.63,0.64,50.0,242992.0,trade,false
2025-02-15T23:00:00Z,0.64,0.64,0.63,0.64,15.0,242992.0,trade,false
2025-02-16T00:00:00Z,0.63,0.63,0.63,0.64,547.0,243539.0,trade,false
2025-02-16T01:00:00Z,0.64,0.64,0.63,0.64,145.0,243684.0,trade,false
2025-02-16T02:00:00Z,0.64,0.64,0.63,0.64,150.0,243834.0,trade,false
2025-02-16T03:00:00Z,0.63,0.63,0.63,0.64,733.0,244567.0,trade,false
2025-02-16T04:00:00Z,0.63,0.63,0.63,0.64,215.0,244773.0,trade,false
2025-02-16T05:00:00Z,0.63,0.63,0.62,0.64,825.0,245598.0,trade,false
2025-02-16T06:00:00Z,0.625,,0.62,0.63,0.0,245598.0,midpoint,false
2025-02-16T07:00:00Z,0.62,0.62,0.62,0.63,39.0,245608.0,trade,false
2025-02-16T08:00:00Z,0.63,0.63,0.62,0.63,79.0,245675.0,trade,false
2025-02-16T14:00:00Z,0.64,0.64,0.62,0.63,1164.0,246839.0,trade,false
2025-02-16T15:00:00Z,0.62,0.62,0.62,0.63,384.0,247208.0,trade,false
2025-02-16T16:00:00Z,0.64,0.64,0.63,0.64,754.0,247931.0,trade,false
2025-02-16T17:00:00Z,0.59,0.59,0.6,0.64,709.0,247838.0,trade,false
2025-02-16T18:00:00Z,0.65,0.65,0.63,0.66,2816.0,249727.0,trade,false
2025-02-16T19:00:00Z,0.67,0.67,0.66,0.68,99.0,249821.0,trade,false
2025-02-16T20:00:00Z,0.63,0.63,0.63,0.65,187.0,249820.0,trade,false
2025-02-16T21:00:00Z,0.68,0.68,0.65,0.67,7758.0,256413.0,trade,false
2025-02-16T22:00:00Z,0.71,0.71,0.69,0.71,4798.0,261120.0,trade,false
2025-02-16T23:00:00Z,0.7,0.7,0.7,0.72,1572.0,261485.0,trade,false
2025-02-17T00:00:00Z,0.7,0.7,0.7,0.72,85.0,261499.0,trade,false
2025-02-17T01:00:00Z,0.71,0.71,0.7,0.71,38.0,261537.0,trade,false
2025-02-17T02:00:00Z,0.7,0.7,0.7,0.71,65.0,261537.0,trade,false
2025-02-17T03:00:00Z,0.71,0.71,0.7,0.71,4.0,261541.0,trade,false
2025-02-17T04:00:00Z,0.7,0.7,0.69,0.7,103.0,261444.0,trade,false
2025-02-17T05:00:00Z,0.69,0.69,0.69,0.7,130.0,261416.0,trade,false
2025-02-17T06:00:00Z,0.7,0.7,0.69,0.7,101.0,261416.0,trade,false
2025-02-17T07:00:00Z,0.69,0.69,0.68,0.69,429.0,261448.0,trade,false
2025-02-17T08:00:00Z,0.69,0.69,0.68,0.69,181.0,261629.0,trade,false
2025-02-17T13:00:00Z,0.68,,0.67,0.69,0.0,261629.0,midpoint,false
2025-02-17T14:00:00Z,0.7,0.7,0.68,0.7,1735.0,262470.0,trade,false
2025-02-17T15:00:00Z,0.69,0.69,0.67,0.69,4356.0,262303.0,trade,false
2025-02-17T16:00:00Z,0.67,0.67,0.67,0.69,289.0,262519.0,trade,false
2025-02-17T17:00:00Z,0.67,0.67,0.68,0.69,213.0,262574.0,trade,false
2025-02-17T18:00:00Z,0.68,0.68,0.67,0.69,605.0,262456.0,trade,false
2025-02-17T19:00:00Z,0.66,0.66,0.66,0.68,1551.0,261902.0,trade,false
2025-02-17T20:00:00Z,0.66,0.66,0.66,0.68,250.0,261834.0,trade,false
2025-02-17T21:00:00Z,0.68,0.68,0.66,0.67,535.0,261977.0,trade,false
2025-02-17T22:00:00Z,0.67,0.67,0.66,0.67,67.0,262010.0,trade,false
2025-02-17T23:00:00Z,0.67,0.67,0.66,0.67,499.0,262472.0,trade,false
2025-02-18T00:00:00Z,0.68,0.68,0.66,0.67,673.0,263132.0,trade,false
2025-02-18T01:00:00Z,0.66,0.66,0.66,0.67,316.0,263427.0,trade,false
2025-02-18T02:00:00Z,0.68,0.68,0.66,0.68,380.0,263804.0,trade,false
2025-02-18T03:00:00Z,0.68,0.68,0.66,0.68,63.0,263861.0,trade,false
2025-02-18T04:00:00Z,0.68,0.68,0.67,0.68,100.0,263961.0,trade,false
2025-02-18T05:00:00Z,0.67,0.67,0.67,0.68,350.0,263931.0,trade,false
2025-02-18T06:00:00Z,0.71,0.71,0.69,0.71,6317.0,270192.0,trade,false
2025-02-18T07:00:00Z,0.71,0.71,0.69,0.71,347.0,270289.0,trade,false
2025-02-18T08:00:00Z,0.695,,0.69,0.7,0.0,270289.0,midpoint,false
2025-02-18T14:00:00Z,0.7,0.7,0.69,0.7,139.0,270289.0,trade,false
2025-02-18T15:00:00Z,0.71,0.71,0.69,0.7,139.0,270367.0,trade,false
2025-02-18T16:00:00Z,0.69,0.69,0.69,0.7,17.0,270368.0,trade,false
2025-02-18T17:00:00Z,0.7,0.7,0.7,0.71,109.0,270378.0,trade,false
2025-02-18T18:00:00Z,0.7,0.7,0.69,0.71,245.0,270347.0,trade,false
2025-02-18T19:00:00Z,0.69,0.69,0.69,0.7,50.0,270347.0,trade,false
2025-02-18T20:00:00Z,0.69,0.69,0.69,0.7,122.0,270327.0,trade,false
2025-02-18T21:00:00Z,0.71,0.71,0.69,0.71,155.0,270457.0,trade,false
2025-02-18T22:00:00Z,0.7,0.7,0.69,0.7,48.0,270448.0,trade,false
2025-02-18T23:00:00Z,0.68,0.68,0.69,0.7,12.0,270460.0,trade,false
2025-02-19T00:00:00Z,0.69,0.69,0.69,0.7,28.0,270460.0,trade,false
2025-02-19T01:00:00Z,0.69,0.69,0.69,0.7,48.0,270492.0,trade,false
2025-02-19T02:00:00Z,0.69,0.69,0.69,0.7,153.0,270645.0,trade,false
2025-02-19T03:00:00Z,0.69,0.69,0.68,0.7,199.0,270804.0,trade,false
2025-02-19T04:00:00Z,0.7,0.7,0.68,0.7,87.0,270891.0,trade,false
2025-02-19T05:00:00Z,0.69,0.69,0.67,0.69,1332.0,270787.0,trade,false
2025-02-19T06:00:00Z,0.67,0.67,0.67,0.69,165.0,270925.0,trade,false
2025-02-19T07:00:00Z,0.685,,0.68,0.69,0.0,270925.0,midpoint,false
2025-02-19T08:00:00Z,0.68,0.68,0.67,0.69,60.0,270944.0,trade,false
2025-02-19T14:00:00Z,0.69,0.69,0.68,0.69,1.0,270945.0,trade,false
2025-02-19T15:00:00Z,0.69,0.69,0.68,0.69,594.0,271231.0,trade,false
2025-02-19T16:00:00Z,0.69,0.69,0.68,0.69,70.0,271231.0,trade,false
2025-02-19T17:00:00Z,0.71,0.71,0.69,0.71,2456.0,270600.0,trade,false
2025-02-19T18:00:00Z,0.71,0.71,0.69,0.71,2739.0,270662.0,trade,false
2025-02-19T19:00:00Z,0.71,0.71,0.69,0.71,655.0,271317.0,trade,false
2025-02-19T20:00:00Z,0.71,0.71,0.69,0.71,1065.0,272367.0,trade,false
2025-02-19T21:00:00Z,0.71,0.71,0.7,0.71,447.0,272810.0,trade,false
2025-02-19T22:00:00Z,0.71,0.71,0.72,0.74,8769.0,281469.0,trade,false
2025-02-19T23:00:00Z,0.72,0.72,0.72,0.74,50.0,281465.0,trade,false
2025-02-20T00:00:00Z,0.72,0.72,0.71,0.73,3008.0,284370.0,trade,false
2025-02-20T01:00:00Z,0.7,0.7,0.71,0.73,5500.0,285179.0,trade,false
2025-02-20T02:00:00Z,0.71,,0.7,0.72,0.0,285179.0,midpoint,false
2025-02-20T03:00:00Z,0.73,0.73,0.7,0.73,27.0,285191.0,trade,false
2025-02-20T04:00:00Z,0.69,0.69,0.69,0.72,2597.0,282892.0,trade,false
2025-02-20T05:00:00Z,0.72,0.72,0.7,0.72,53.0,282943.0,trade,false
2025-02-20T06:00:00Z,0.72,0.72,0.7,0.72,164.0,283101.0,trade,false
2025-02-20T07:00:00Z,0.71,0.71,0.71,0.72,7.0,283101.0,trade,false
2025-02-20T08:00:00Z,0.72,0.72,0.7,0.72,100.0,283149.0,trade,false
2025-02-20T14:00:00Z,0.72,0.72,0.7,0.72,27.0,283150.0,trade,false
2025-02-20T15:00:00Z,0.69,0.69,0.69,0.71,101.0,283184.0,trade,false
2025-02-20T16:00:00Z,0.705,,0.69,0.72,0.0,283184.0,midpoint,false
2025-02-20T17:00:00Z,0.69,0.69,0.69,0.7,383.0,283169.0,trade,false
2025-02-20T18:00:00Z,0.71,0.71,0.69,0.71,117.0,283248.0,trade,false
2025-02-20T19:00:00Z,0.71,0.71,0.7,0.71,148.0,283252.0,trade,false
2025-02-20T20:00:00Z,0.71,0.71,0.7,0.72,41.0,283255.0,trade,false
2025-02-20T21:00:00Z,0.69,0.69,0.7,0.71,630.0,283882.0,trade,false
2025-02-20T22:00:00Z,0.71,0.71,0.69,0.71,427.0,283958.0,trade,false
2025-02-20T23:00:00Z,0.7,0.7,0.69,0.71,305.0,283952.0,trade,false
2025-02-21T00:00:00Z,0.69,0.69,0.69,0.7,157.0,283952.0,trade,false
2025-02-21T01:00:00Z,0.7,0.7,0.69,0.72,282.0,283952.0,trade,false
2025-02-21T02:00:00Z,0.72,0.72,0.7,0.72,78.0,284030.0,trade,false
2025-02-21T03:00:00Z,0.69,0.69,0.69,0.7,619.0,284178.0,trade,false
2025-02-21T04:00:00Z,0.69,0.69,0.69,0.7,149.0,284178.0,trade,false
2025-02-21T05:00:00Z,0.705,,0.69,0.72,0.0,284178.0,midpoint,false
2025-02-21T06:00:00Z,0.73,0.73,0.72,0.73,74.0,284233.0,trade,false
2025-02-21T07:00:00Z,0.72,0.72,0.71,0.72,144.0,284177.0,trade,false
2025-02-21T08:00:00Z,0.75,0.75,0.73,0.76,11247.0,291105.0,trade,false
2025-02-21T14:00:00Z,0.74,0.74,0.74,0.76,148.0,291003.0,trade,false
2025-02-21T15:00:00Z,0.73,0.73,0.73,0.75,521.0,290484.0,trade,false
2025-02-21T16:00:00Z,0.74,,0.73,0.75,0.0,290484.0,midpoint,false
2025-02-21T17:00:00Z,0.73,0.73,0.73,0.75,211.0,290484.0,trade,false
2025-02-21T18:00:00Z,0.75,0.75,0.74,0.75,9.0,290491.0,trade,false
2025-02-21T19:00:00Z,0.73,0.73,0.73,0.75,126.0,290365.0,trade,false
2025-02-21T21:00:00Z,0.73,0.73,0.73,0.75,7.0,290358.0,trade,false
2025-02-21T22:00:00Z,0.75,0.75,0.73,0.75,88.0,290432.0,trade,false
2025-02-21T23:00:00Z,0.75,0.75,0.74,0.75,12.0,290444.0,trade,false
2025-02-22T00:00:00Z,0.75,0.75,0.73,0.75,154.0,290491.0,trade,false
2025-02-22T01:00:00Z,0.75,0.75,0.73,0.75,137.0,290628.0,trade,false
2025-02-22T02:00:00Z,0.75,0.75,0.73,0.75,6.0,290634.0,trade,false
2025-02-22T03:00:00Z,0.73,0.73,0.73,0.74,58.0,290690.0,trade,false
2025-02-22T04:00:00Z,0.74,0.74,0.74,0.75,472.0,291087.0,trade,false
2025-02-22T05:00:00Z,0.75,0.75,0.73,0.75,13.0,291100.0,trade,false
2025-02-22T06:00:00Z,0.74,0.74,0.73,0.74,534.0,291601.0,trade,false
2025-02-22T07:00:00Z,0.74,0.74,0.74,0.75,1775.0,293376.0,trade,false
2025-02-22T08:00:00Z,0.75,0.75,0.74,0.75,65.0,293441.0,trade,false
2025-02-22T09:00:00Z,0.74,,0.73,0.75,0.0,293441.0,midpoint,false
2025-02-22T14:00:00Z,0.74,0.74,0.74,0.76,35.0,293441.0,trade,false
2025-02-22T15:00:00Z,0.74,0.74,0.74,0.75,36.0,293441.0,trade,false
2025-02-22T16:00:00Z,0.76,0.76,0.75,0.76,402.0,293154.0,trade,false
2025-02-22T17:00:00Z,0.74,0.74,0.74,0.76,1000.0,294147.0,trade,false
2025-02-22T18:00:00Z,0.755,,0.75,0.76,0.0,294147.0,midpoint,false
2025-02-22T19:00:00Z,0.75,,0.74,0.76,0.0,294147.0,midpoint,false
2025-02-22T20:00:00Z,0.74,0.74,0.74,0.76,21.0,294147.0,trade,false
2025-02-22T21:00:00Z,0.745,,0.74,0.75,0.0,294147.0,midpoint,false
2025-02-22T23:00:00Z,0.75,0.75,0.74,0.75,1.0,294147.0,trade,false
2025-02-23T01:00:00Z,0.75,0.75,0.74,0.75,1.0,294147.0,trade,false
2025-02-23T02:00:00Z,0.75,0.75,0.74,0.75,38.0,294147.0,trade,false
2025-02-23T03:00:00Z,0.72,0.72,0.72,0.74,749.0,294273.0,trade,false
2025-02-23T04:00:00Z,0.74,0.74,0.72,0.74,42.0,294315.0,trade,false
2025-02-23T05:00:00Z,0.75,0.75,0.74,0.75,425.0,294737.0,trade,false
2025-02-23T06:00:00Z,0.75,0.75,0.74,0.75,19.0,294737.0,trade,false
2025-02-23T07:00:00Z,0.75,0.75,0.74,0.75,9.0,294728.0,trade,false
2025-02-23T15:00:00Z,0.75,0.75,0.74,0.75,370.0,294728.0,trade,false
2025-02-23T16:00:00Z,0.74,0.74,0.72,0.75,216.0,294739.0,trade,false
2025-02-23T17:00:00Z,0.72,0.72,0.72,0.75,218.0,294748.0,trade,false
2025-02-23T18:00:00Z,0.74,0.74,0.72,0.74,437.0,294983.0,trade,false
2025-02-23T20:00:00Z,0.72,0.72,0.72,0.74,402.0,294594.0,trade,false
2025-02-23T22:00:00Z,0.74,0.74,0.73,0.74,232.0,294826.0,trade,false
2025-02-23T23:00:00Z,0.73,0.73,0.73,0.74,1114.0,295695.0,trade,false
2025-02-24T00:00:00Z,0.72,0.72,0.72,0.74,2029.0,295751.0,trade,false
2025-02-24T01:00:00Z,0.72,0.72,0.71,0.74,145.0,295771.0,trade,false
2025-02-24T02:00:00Z,0.74,0.74,0.72,0.74,925.0,296574.0,trade,false
2025-02-24T03:00:00Z,0.73,0.73,0.73,0.74,183.0,296750.0,trade,false
2025-02-24T04:00:00Z,0.62,0.62,0.6,0.62,13600.0,293702.0,trade,false
2025-02-24T05:00:00Z,0.59,0.59,0.59,0.61,3359.0,291670.0,trade,false
2025-02-24T06:00:00Z,0.59,0.59,0.59,0.6,2467.0,292796.0,trade,false
2025-02-24T07:00:00Z,0.59,0.59,0.59,0.6,400.0,292941.0,trade,false
2025-02-24T08:00:00Z,0.61,0.61,0.6,0.61,2792.0,295592.0,trade,false
2025-02-24T14:00:00Z,0.61,0.61,0.6,0.61,262.0,295854.0,trade,false
2025-02-24T15:00:00Z,0.61,0.61,0.61,0.62,111.0,295882.0,trade,false
2025-02-24T16:00:00Z,0.62,0.62,0.62,0.63,1740.0,297524.0,trade,false
2025-02-24T17:00:00Z,0.63,0.63,0.62,0.63,443.0,297783.0,trade,false
2025-02-24T18:00:00Z,0.63,0.63,0.62,0.63,137.0,297810.0,trade,false
2025-02-24T19:00:00Z,0.62,0.62,0.62,0.63,825.0,298465.0,trade,false
2025-02-24T20:00:00Z,0.62,0.62,0.62,0.63,97.0,298562.0,trade,false
2025-02-24T21:00:00Z,0.63,0.63,0.62,0.63,636.0,299198.0,trade,false
2025-02-24T22:00:00Z,0.63,0.63,0.62,0.63,918.0,300031.0,trade,false
2025-02-24T23:00:00Z,0.63,0.63,0.62,0.63,10.0,300031.0,trade,false
2025-02-25T00:00:00Z,0.63,0.63,0.62,0.63,383.0,300031.0,trade,false
2025-02-25T01:00:00Z,0.63,0.63,0.62,0.63,906.0,300278.0,trade,false
2025-02-25T02:00:00Z,0.63,0.63,0.62,0.63,382.0,300327.0,trade,false
2025-02-25T03:00:00Z,0.63,0.63,0.63,0.64,2439.0,301990.0,trade,false
2025-02-25T04:00:00Z,0.63,0.63,0.63,0.64,101.0,301989.0,trade,false
2025-02-25T05:00:00Z,0.65,0.65,0.64,0.65,1176.0,303025.0,trade,false
2025-02-25T06:00:00Z,0.65,0.65,0.64,0.65,39.0,303064.0,trade,false
2025-02-25T08:00:00Z,0.64,0.64,0.64,0.65,223.0,303064.0,trade,false
2025-02-25T14:00:00Z,0.64,0.64,0.64,0.65,105.0,303089.0,trade,false
2025-02-25T15:00:00Z,0.64,0.64,0.64,0.65,151.0,303164.0,trade,false
2025-02-25T16:00:00Z,0.65,0.65,0.64,0.66,2598.0,305761.0,trade,false
2025-02-25T17:00:00Z,0.655,,0.65,0.66,0.0,305761.0,midpoint,false
2025-02-25T18:00:00Z,0.66,0.66,0.65,0.66,7.0,305766.0,trade,false
2025-02-25T19:00:00Z,0.65,0.65,0.65,0.66,525.0,306264.0,trade,false
2025-02-25T20:00:00Z,0.66,0.66,0.65,0.66,1545.0,306809.0,trade,false
2025-02-25T21:00:00Z,0.66,0.66,0.65,0.66,526.0,307333.0,trade,false
2025-02-25T22:00:00Z,0.65,0.65,0.65,0.66,2034.0,307909.0,trade,false
2025-02-25T23:00:00Z,0.66,0.66,0.65,0.66,13.0,307922.0,trade,false
2025-02-26T00:00:00Z,0.65,0.65,0.65,0.66,926.0,308816.0,trade,false
2025-02-26T01:00:00Z,0.65,0.65,0.65,0.66,1492.0,310258.0,trade,false
2025-02-26T02:00:00Z,0.65,0.65,0.65,0.66,69.0,310313.0,trade,false
2025-02-26T03:00:00Z,0.64,0.64,0.64,0.65,1007.0,310968.0,trade,false
2025-02-26T04:00:00Z,0.65,0.65,0.63,0.65,964.0,311612.0,trade,false
2025-02-26T05:00:00Z,0.64,0.64,0.63,0.64,321.0,311729.0,trade,false
2025-02-26T06:00:00Z,0.64,0.64,0.63,0.64,5.0,311734.0,trade,false
2025-02-26T07:00:00Z,0.64,0.64,0.64,0.65,865.0,312149.0,trade,false
2025-02-26T14:00:00Z,0.64,0.64,0.64,0.65,104.0,312164.0,trade,false
2025-02-26T15:00:00Z,0.64,0.64,0.64,0.65,2807.0,312512.0,trade,false
2025-02-26T16:00:00Z,0.64,0.64,0.64,0.65,67.0,312579.0,trade,false
2025-02-26T17:00:00Z,0.64,0.64,0.64,0.65,273.0,312830.0,trade,false
2025-02-26T18:00:00Z,0.64,0.64,0.63,0.64,288.0,313106.0,trade,false
2025-02-26T19:00:00Z,0.64,0.64,0.63,0.64,1291.0,314367.0,trade,false
2025-02-26T20:00:00Z,0.64,0.64,0.63,0.64,19.0,314386.0,trade,false
2025-02-26T21:00:00Z,0.64,0.64,0.63,0.64,132.0,314518.0,trade,false
2025-02-26T22:00:00Z,0.64,0.64,0.63,0.64,91.0,314609.0,trade,false
2025-02-26T23:00:00Z,0.64,0.64,0.63,0.64,1708.0,316317.0,trade,false
2025-02-27T00:00:00Z,0.62,0.62,0.62,0.64,2348.0,318563.0,trade,false
2025-02-27T01:00:00Z,0.64,0.64,0.62,0.64,501.0,319016.0,trade,false
2025-02-27T02:00:00Z,0.63,0.63,0.62,0.63,47.0,319063.0,trade,false
2025-02-27T03:00:00Z,0.63,0.63,0.62,0.63,255.0,319318.0,trade,false
2025-02-27T04:00:00Z,0.63,0.63,0.62,0.63,584.0,319712.0,trade,false
2025-02-27T05:00:00Z,0.63,0.63,0.62,0.63,2368.0,319677.0,trade,false
2025-02-27T06:00:00Z,0.63,0.63,0.62,0.63,54.0,319677.0,trade,false
2025-02-27T07:00:00Z,0.63,0.63,0.62,0.63,3.0,319677.0,trade,false
2025-02-27T08:00:00Z,0.63,0.63,0.62,0.63,50.0,319677.0,trade,false
2025-02-27T14:00:00Z,0.63,0.63,0.62,0.63,131.0,319677.0,trade,false
2025-02-27T15:00:00Z,0.63,0.63,0.62,0.63,547.0,319687.0,trade,false
2025-02-27T16:00:00Z,0.62,0.62,0.62,0.63,1338.0,320013.0,trade,false
2025-02-27T17:00:00Z,0.63,0.63,0.62,0.63,1589.0,321331.0,trade,false
2025-02-27T18:00:00Z,0.63,0.63,0.62,0.63,216.0,321547.0,trade,false
2025-02-27T19:00:00Z,0.63,0.63,0.62,0.63,269.0,321816.0,trade,false
2025-02-27T20:00:00Z,0.62,0.62,0.62,0.63,1094.0,322810.0,trade,false
2025-02-27T21:00:00Z,0.63,0.63,0.62,0.63,1563.0,323945.0,trade,false
2025-02-27T22:00:00Z,0.63,0.63,0.62,0.63,1236.0,324279.0,trade,false
2025-02-27T23:00:00Z,0.63,0.63,0.62,0.63,327.0,324519.0,trade,false
2025-02-28T00:00:00Z,0.63,0.63,0.62,0.63,414.0,324872.0,trade,false
2025-02-28T01:00:00Z,0.62,0.62,0.62,0.64,3805.0,328588.0,trade,false
2025-02-28T02:00:00Z,0.64,0.64,0.62,0.63,141.0,328619.0,trade,false
2025-02-28T03:00:00Z,0.62,0.62,0.62,0.63,5095.0,328595.0,trade,false
2025-02-28T04:00:00Z,0.62,0.62,0.62,0.63,1780.0,326978.0,trade,false
2025-02-28T05:00:00Z,0.62,0.62,0.61,0.62,1381.0,328309.0,trade,false
2025-02-28T06:00:00Z,0.61,0.61,0.61,0.62,1095.0,329404.0,trade,false
2025-02-28T07:00:00Z,0.62,0.62,0.6,0.62,73.0,329477.0,trade,false
2025-02-28T08:00:00Z,0.61,0.61,0.6,0.61,863.0,329477.0,trade,false
2025-02-28T14:00:00Z,0.61,0.61,0.6,0.61,131.0,329477.0,trade,false
2025-02-28T15:00:00Z,0.61,0.61,0.61,0.62,3611.0,332404.0,trade,false
2025-02-28T16:00:00Z,0.61,0.61,0.6,0.61,120.0,332512.0,trade,false
2025-02-28T17:00:00Z,0.6,0.6,0.6,0.61,1187.0,332837.0,trade,false
2025-02-28T18:00:00Z,0.6,0.6,0.6,0.61,2450.0,333000.0,trade,false
2025-02-28T19:00:00Z,0.6,0.6,0.6,0.62,580.0,333551.0,trade,false
2025-02-28T20:00:00Z,0.62,0.62,0.6,0.62,302.0,333828.0,trade,false
2025-02-28T21:00:00Z,0.62,0.62,0.61,0.62,723.0,334528.0,trade,false
2025-02-28T22:00:00Z,0.62,0.62,0.61,0.62,765.0,335274.0,trade,false
2025-02-28T23:00:00Z,0.62,0.62,0.61,0.62,926.0,336200.0,trade,false
2025-03-01T00:00:00Z,0.62,0.62,0.6,0.62,407.0,336281.0,trade,false
2025-03-01T01:00:00Z,0.62,0.62,0.6,0.62,49.0,336330.0,trade,false
2025-03-01T02:00:00Z,0.62,0.62,0.6,0.62,275.0,336605.0,trade,false
2025-03-01T03:00:00Z,0.62,0.62,0.61,0.62,294.0,336891.0,trade,false
2025-03-01T04:00:00Z,0.63,0.63,0.61,0.63,1052.0,337512.0,trade,false
2025-03-01T05:00:00Z,0.62,0.62,0.61,0.62,2886.0,336925.0,trade,false
2025-03-01T06:00:00Z,0.6,0.6,0.6,0.62,326.0,337221.0,trade,false
2025-03-01T07:00:00Z,0.62,0.62,0.6,0.62,148.0,337369.0,trade,false
2025-03-01T08:00:00Z,0.62,0.62,0.6,0.62,31.0,337400.0,trade,false
2025-03-01T14:00:00Z,0.62,0.62,0.61,0.62,209.0,337609.0,trade,false
2025-03-01T15:00:00Z,0.62,0.62,0.6,0.62,310.0,337606.0,trade,false
2025-03-01T16:00:00Z,0.62,0.62,0.61,0.62,1888.0,337385.0,trade,false
2025-03-01T17:00:00Z,0.62,0.62,0.62,0.63,457.0,337197.0,trade,false
2025-03-01T18:00:00Z,0.66,0.66,0.64,0.65,7743.0,338231.0,trade,false
2025-03-01T19:00:00Z,0.66,0.66,0.63,0.66,2900.0,340472.0,trade,false
2025-03-01T20:00:00Z,0.63,0.63,0.63,0.65,965.0,340517.0,trade,false
2025-03-01T21:00:00Z,0.61,0.61,0.6,0.61,1759.0,341481.0,trade,false
2025-03-01T22:00:00Z,0.61,0.61,0.61,0.64,7620.0,349003.0,trade,false
2025-03-01T23:00:00Z,0.67,0.67,0.64,0.65,14625.0,357306.0,trade,false
2025-03-02T00:00:00Z,0.65,0.65,0.64,0.65,1818.0,357669.0,trade,false
2025-03-02T01:00:00Z,0.66,0.66,0.65,0.67,4144.0,360163.0,trade,false
2025-03-02T02:00:00Z,0.65,0.65,0.66,0.67,9329.0,362762.0,trade,false
2025-03-02T03:00:00Z,0.66,0.66,0.66,0.67,983.0,363455.0,trade,false
2025-03-02T04:00:00Z,0.65,0.65,0.65,0.67,2421.0,365634.0,trade,false
2025-03-02T05:00:00Z,0.67,0.67,0.66,0.67,5823.0,366099.0,trade,false
2025-03-02T06:00:00Z,0.66,0.66,0.65,0.66,1513.0,367031.0,trade,false
2025-03-02T07:00:00Z,0.64,0.64,0.64,0.66,3226.0,369198.0,trade,false
2025-03-02T08:00:00Z,0.66,0.66,0.65,0.66,459.0,369310.0,trade,false
2025-03-02T09:00:00Z,0.65,,0.64,0.66,0.0,369310.0,midpoint,false
2025-03-02T14:00:00Z,0.66,0.66,0.64,0.66,4443.0,370668.0,trade,false
2025-03-02T15:00:00Z,0.65,0.65,0.63,0.65,1064.0,371392.0,trade,false
2025-03-02T16:00:00Z,0.65,0.65,0.63,0.65,1755.0,372674.0,trade,false
2025-03-02T17:00:00Z,0.66,0.66,0.63,0.66,5958.0,377519.0,trade,false
2025-03-02T18:00:00Z,0.66,0.66,0.63,0.66,682.0,377978.0,trade,false
2025-03-02T19:00:00Z,0.66,0.66,0.65,0.66,14124.0,391037.0,trade,false
2025-03-02T20:00:00Z,0.66,0.66,0.64,0.66,4571.0,394884.0,trade,false
2025-03-02T21:00:00Z,0.64,0.64,0.64,0.66,6231.0,400086.0,trade,false
2025-03-02T22:00:00Z,0.64,0.64,0.64,0.65,10445.0,407893.0,trade,false
2025-03-02T23:00:00Z,0.66,0.66,0.63,0.66,17519.0,419066.0,trade,false
2025-03-03T00:00:00Z,0.68,0.68,0.66,0.68,41245.0,451245.0,trade,false
2025-03-03T01:00:00Z,0.66,0.66,0.64,0.66,23169.0,470846.0,trade,false
2025-03-03T02:00:00Z,0.84,0.84,0.84,0.85,34336.0,489917.0,trade,false
2025-03-03T03:00:00Z,0.81,0.81,0.8,0.81,37655.0,511480.0,trade,false
2025-03-03T04:00:00Z,0.99,0.99,0.99,1.0,95129.0,581578.0,trade,false
