time,q,raw_price,bid,ask,volume,open_interest,mark_type,stale
2024-06-23T00:00:00.000Z,0.2450,0.2450,,,,,trade,false
2024-06-23T01:00:00.000Z,0.2450,0.2450,,,,,trade,false
2024-06-23T02:00:00.000Z,0.2450,0.2450,,,,,trade,false
2024-06-23T03:00:00.000Z,0.2450,0.2450,,,,,trade,false
2024-06-23T04:00:00.000Z,0.2450,0.2450,,,,,trade,false
2024-06-23T05:00:00.000Z,0.2450,0.2450,,,,,trade,false
2024-06-23T06:00:00.000Z,0.2450,0.2450,,,,,trade,false
2024-06-23T07:00:00.000Z,0.2450,0.2450,,,,,trade,false
2024-06-23T08:00:00.000Z,0.2450,0.2450,,,,,trade,false
2024-06-23T09:00:00.000Z,0.2450,0.2450,,,,,trade,false
2024-06-23T10:00:00.000Z,0.2450,0.2450,,,,,trade,false
2024-06-23T11:00:00.000Z,0.2450,0.2450,,,,,trade,false
2024-06-23T12:00:00.000Z,0.2450,0.2450,,,,,trade,false
2024-06-23T13:00:00.000Z,0.2450,0.2450,,,,,trade,false
2024-06-23T14:00:00.000Z,0.2450,0.2450,,,,,trade,false
2024-06-23T15:00:00.000Z,0.2450,0.2450,,,,,trade,false
2024-06-23T16:00:00.000Z,0.2450,0.2450,,,,,trade,false
2024-06-23T17:00:00.000Z,0.2450,0.2450,,,,,trade,false
2024-06-23T18:00:00.000Z,0.2450,0.2450,,,,,trade,false
2024-06-23T19:00:00.000Z,0.2450,0.2450,,,,,trade,false
2024-06-23T20:00:00.000Z,0.2450,0.2450,,,,,trade,false
2024-06-23T21:00:00.000Z,0.2450,0.2450,,,,,trade,false
2024-06-23T22:00:00.000Z,0.2450,0.2450,,,,,trade,false
2024-06-23T23:00:00.000Z,0.2450,0.2450,,,,,trade,false
2024-06-24T00:00:00.000Z,0.2450,0.2450,,,,,trade,false
2024-06-24T01:00:00.000Z,0.2350,0.2350,,,,,trade,false
2024-06-24T02:00:00.000Z,0.2350,0.2350,,,,,trade,false
2024-06-24T03:00:00.000Z,0.2350,0.2350,,,,,trade,false
2024-06-24T04:00:00.000Z,0.2250,0.2250,,,,,trade,false
2024-06-24T05:00:00.000Z,0.2250,0.2250,,,,,trade,false
2024-06-24T06:00:00.000Z,0.2300,0.2300,,,,,trade,false
2024-06-24T07:00:00.000Z,0.2300,0.2300,,,,,trade,false
2024-06-24T08:00:00.000Z,0.2250,0.2250,,,,,trade,false
2024-06-24T09:00:00.000Z,0.2250,0.2250,,,,,trade,false
2024-06-24T10:00:00.000Z,0.2300,0.2300,,,,,trade,false
2024-06-24T11:00:00.000Z,0.2250,0.2250,,,,,trade,false
2024-06-24T12:00:00.000Z,0.2300,0.2300,,,,,trade,false
2024-06-24T13:00:00.000Z,0.2250,0.2250,,,,,trade,false
2024-06-24T14:00:00.000Z,0.2250,0.2250,,,,,trade,false
2024-06-24T15:00:00.000Z,0.2250,0.2250,,,,,trade,false
2024-06-24T16:00:00.000Z,0.2250,0.2250,,,,,trade,false
2024-06-24T17:00:00.000Z,0.2250,0.2250,,,,,trade,false
2024-06-24T18:00:00.000Z,0.2250,0.2250,,,,,trade,false
2024-06-24T19:00:00.000Z,0.2250,0.2250,,,,,trade,false
2024-06-24T20:00:00.000Z,0.2250,0.2250,,,,,trade,false
2024-06-24T21:00:00.000Z,0.2250,0.2250,,,,,trade,false
2024-06-24T22:00:00.000Z,0.2250,0.2250,,,,,trade,false
2024-06-24T23:00:00.000Z,0.2250,0.2250,,,,,trade,false
2024-06-25T00:00:00.000Z,0.2250,0.2250,,,,,trade,false
2024-06-25T01:00:00.000Z,0.2250,0.2250,,,,,trade,false
2024-06-25T02:00:00.000Z,0.2250,0.2250,,,,,trade,false
2024-06-25T03:00:00.000Z,0.2250,0.2250,,,,,trade,false
2024-06-25T04:00:00.000Z,0.2250,0.2250,,,,,trade,false
2024-06-25T05:00:00.000Z,0.2250,0.2250,,,,,trade,false
2024-06-25T06:00:00.000Z,0.2250,0.2250,,,,,trade,false
2024-06-25T07:00:00.000Z,0.2250,0.2250,,,,,trade,false
2024-06-25T08:00:00.000Z,0.2250,0.2250,,,,,trade,false
2024-06-25T09:00:00.000Z,0.2250,0.2250,,,,,trade,false
2024-06-25T10:00:00.000Z,0.2250,0.2250,,,,,trade,false
2024-06-25T11:00:00.000Z,0.2250,0.2250,,,,,trade,false
2024-06-25T12:00:00.000Z,0.2250,0.2250,,,,,trade,false
2024-06-25T13:00:00.000Z,0.2150,0.2150,,,,,trade,false
2024-06-25T14:00:00.000Z,0.2200,0.2200,,,,,trade,false
2024-06-25T15:00:00.000Z,0.2200,0.2200,,,,,trade,false
2024-06-25T16:00:00.000Z,0.2150,0.2150,,,,,trade,false
2024-06-25T17:00:00.000Z,0.2250,0.2250,,,,,trade,false
2024-06-25T18:00:00.000Z,0.2250,0.2250,,,,,trade,false
2024-06-25T19:00:00.000Z,0.2250,0.2250,,,,,trade,false
2024-06-25T20:00:00.000Z,0.2200,0.2200,,,,,trade,false
2024-06-25T21:00:00.000Z,0.2200,0.2200,,,,,trade,false
2024-06-25T22:00:00.000Z,0.2150,0.2150,,,,,trade,false
2024-06-25T23:00:00.000Z,0.2150,0.2150,,,,,trade,false
2024-06-26T00:00:00.000Z,0.2150,0.2150,,,,,trade,false
2024-06-26T01:00:00.000Z,0.2150,0.2150,,,,,trade,false
2024-06-26T02:00:00.000Z,0.2150,0.2150,,,,,trade,false
2024-06-26T03:00:00.000Z,0.2050,0.2050,,,,,trade,false
2024-06-26T04:00:00.000Z,0.2050,0.2050,,,,,trade,false
2024-06-26T05:00:00.000Z,0.2050,0.2050,,,,,trade,false
2024-06-26T06:00:00.000Z,0.2050,0.2050,,,,,trade,false
2024-06-26T07:00:00.000Z,0.2050,0.2050,,,,,trade,false
2024-06-26T08:00:00.000Z,0.2050,0.2050,,,,,trade,false
2024-06-26T09:00:00.000Z,0.2050,0.2050,,,,,trade,false
2024-06-26T10:00:00.000Z,0.2050,0.2050,,,,,trade,false
2024-06-26T11:00:00.000Z,0.2050,0.2050,,,,,trade,false
2024-06-26T12:00:00.000Z,0.2050,0.2050,,,,,trade,false
2024-06-26T13:00:00.000Z,0.1850,0.1850,,,,,trade,false
2024-06-26T14:00:00.000Z,0.1850,0.1850,,,,,trade,false
2024-06-26T15:00:00.000Z,0.1900,0.1900,,,,,trade,false
2024-06-26T16:00:00.000Z,0.1950,0.1950,,,,,trade,false
2024-06-26T17:00:00.000Z,0.1950,0.1950,,,,,trade,false
2024-06-26T18:00:00.000Z,0.1850,0.1850,,,,,trade,false
2024-06-26T19:00:00.000Z,0.1850,0.1850,,,,,trade,false
2024-06-26T20:00:00.000Z,0.1850,0.1850,,,,,trade,false
2024-06-26T21:00:00.000Z,0.1850,0.1850,,,,,trade,false
2024-06-26T22:00:00.000Z,0.1850,0.1850,,,,,trade,false
2024-06-26T23:00:00.000Z,0.1850,0.1850,,,,,trade,false
2024-06-27T00:00:00.000Z,0.1850,0.1850,,,,,trade,false
2024-06-27T01:00:00.000Z,0.1850,0.1850,,,,,trade,false
2024-06-27T02:00:00.000Z,0.1850,0.1850,,,,,trade,false
2024-06-27T03:00:00.000Z,0.1850,0.1850,,,,,trade,false
2024-06-27T04:00:00.000Z,0.1850,0.1850,,,,,trade,false
2024-06-27T05:00:00.000Z,0.1850,0.1850,,,,,trade,false
2024-06-27T06:00:00.000Z,0.1850,0.1850,,,,,trade,false
2024-06-27T07:00:00.000Z,0.1850,0.1850,,,,,trade,false
2024-06-27T08:00:00.000Z,0.1850,0.1850,,,,,trade,false
2024-06-27T09:00:00.000Z,0.1850,0.1850,,,,,trade,false
2024-06-27T10:00:00.000Z,0.1850,0.1850,,,,,trade,false
2024-06-27T11:00:00.000Z,0.1850,0.1850,,,,,trade,false
2024-06-27T12:00:00.000Z,0.1850,0.1850,,,,,trade,false
2024-06-27T13:00:00.000Z,0.1950,0.1950,,,,,trade,false
2024-06-27T14:00:00.000Z,0.1950,0.1950,,,,,trade,false
2024-06-27T15:00:00.000Z,0.1950,0.1950,,,,,trade,false
2024-06-27T16:00:00.000Z,0.1950,0.1950,,,,,trade,false
2024-06-27T17:00:00.000Z,0.1950,0.1950,,,,,trade,false
2024-06-27T18:00:00.000Z,0.1950,0.1950,,,,,trade,false
2024-06-27T19:00:00.000Z,0.1850,0.1850,,,,,trade,false
2024-06-27T20:00:00.000Z,0.1950,0.1950,,,,,trade,false
2024-06-27T21:00:00.000Z,0.1950,0.1950,,,,,trade,false
2024-06-27T22:00:00.000Z,0.1850,0.1850,,,,,trade,false
2024-06-27T23:00:00.000Z,0.1850,0.1850,,,,,trade,false
2024-06-28T00:00:00.000Z,0.1850,0.1850,,,,,trade,false
2024-06-28T01:00:00.000Z,0.2050,0.2050,,,,,trade,false
2024-06-28T02:00:00.000Z,0.3350,0.3350,,,,,trade,false
2024-06-28T03:00:00.000Z,0.3450,0.3450,,,,,trade,false
2024-06-28T04:00:00.000Z,0.3400,0.3400,,,,,trade,false
2024-06-28T05:00:00.000Z,0.3650,0.3650,,,,,trade,false
2024-06-28T06:00:00.000Z,0.3600,0.3600,,,,,trade,false
2024-06-28T07:00:00.000Z,0.3700,0.3700,,,,,trade,false
2024-06-28T08:00:00.000Z,0.3900,0.3900,,,,,trade,false
2024-06-28T09:00:00.000Z,0.3900,0.3900,,,,,trade,false
2024-06-28T10:00:00.000Z,0.3850,0.3850,,,,,trade,false
2024-06-28T11:00:00.000Z,0.4050,0.4050,,,,,trade,false
2024-06-28T12:00:00.000Z,0.4250,0.4250,,,,,trade,false
2024-06-28T13:00:00.000Z,0.4250,0.4250,,,,,trade,false
2024-06-28T14:00:00.000Z,0.3750,0.3750,,,,,trade,false
2024-06-28T15:00:00.000Z,0.3550,0.3550,,,,,trade,false
2024-06-28T16:00:00.000Z,0.4350,0.4350,,,,,trade,false
2024-06-28T17:00:00.000Z,0.4000,0.4000,,,,,trade,false
2024-06-28T18:00:00.000Z,0.3250,0.3250,,,,,trade,false
2024-06-28T19:00:00.000Z,0.3400,0.3400,,,,,trade,false
2024-06-28T20:00:00.000Z,0.3350,0.3350,,,,,trade,false
2024-06-28T21:00:00.000Z,0.3300,0.3300,,,,,trade,false
2024-06-28T22:00:00.000Z,0.3200,0.3200,,,,,trade,false
2024-06-28T23:00:00.000Z,0.3250,0.3250,,,,,trade,false
2024-06-29T00:00:00.000Z,0.3050,0.3050,,,,,trade,false
2024-06-29T01:00:00.000Z,0.3150,0.3150,,,,,trade,false
2024-06-29T02:00:00.000Z,0.3300,0.3300,,,,,trade,false
2024-06-29T03:00:00.000Z,0.3200,0.3200,,,,,trade,false
2024-06-29T04:00:00.000Z,0.3300,0.3300,,,,,trade,false
2024-06-29T05:00:00.000Z,0.3200,0.3200,,,,,trade,false
2024-06-29T06:00:00.000Z,0.3150,0.3150,,,,,trade,false
2024-06-29T07:00:00.000Z,0.3200,0.3200,,,,,trade,false
2024-06-29T08:00:00.000Z,0.3200,0.3200,,,,,trade,false
2024-06-29T09:00:00.000Z,0.3200,0.3200,,,,,trade,false
2024-06-29T10:00:00.000Z,0.3200,0.3200,,,,,trade,false
2024-06-29T11:00:00.000Z,0.3200,0.3200,,,,,trade,false
2024-06-29T12:00:00.000Z,0.3150,0.3150,,,,,trade,false
2024-06-29T13:00:00.000Z,0.3150,0.3150,,,,,trade,false
2024-06-29T14:00:00.000Z,0.3200,0.3200,,,,,trade,false
2024-06-29T15:00:00.000Z,0.3250,0.3250,,,,,trade,false
2024-06-29T16:00:00.000Z,0.3200,0.3200,,,,,trade,false
2024-06-29T17:00:00.000Z,0.3150,0.3150,,,,,trade,false
2024-06-29T18:00:00.000Z,0.3200,0.3200,,,,,trade,false
2024-06-29T19:00:00.000Z,0.3200,0.3200,,,,,trade,false
2024-06-29T20:00:00.000Z,0.3350,0.3350,,,,,trade,false
2024-06-29T21:00:00.000Z,0.3350,0.3350,,,,,trade,false
2024-06-29T22:00:00.000Z,0.3550,0.3550,,,,,trade,false
2024-06-29T23:00:00.000Z,0.3450,0.3450,,,,,trade,false
2024-06-30T00:00:00.000Z,0.3450,0.3450,,,,,trade,false
2024-06-30T01:00:00.000Z,0.3450,0.3450,,,,,trade,false
2024-06-30T02:00:00.000Z,0.4550,0.4550,,,,,trade,false
2024-06-30T03:00:00.000Z,0.4250,0.4250,,,,,trade,false
2024-06-30T04:00:00.000Z,0.4450,0.4450,,,,,trade,false
2024-06-30T05:00:00.000Z,0.4950,0.4950,,,,,trade,false
2024-06-30T06:00:00.000Z,0.4650,0.4650,,,,,trade,false
2024-06-30T07:00:00.000Z,0.4700,0.4700,,,,,trade,false
2024-06-30T08:00:00.000Z,0.4500,0.4500,,,,,trade,false
2024-06-30T09:00:00.000Z,0.4450,0.4450,,,,,trade,false
2024-06-30T10:00:00.000Z,0.4750,0.4750,,,,,trade,false
2024-06-30T11:00:00.000Z,0.4750,0.4750,,,,,trade,false
2024-06-30T12:00:00.000Z,0.4550,0.4550,,,,,trade,false
2024-06-30T13:00:00.000Z,0.4350,0.4350,,,,,trade,false
2024-06-30T14:00:00.000Z,0.4150,0.4150,,,,,trade,false
2024-06-30T15:00:00.000Z,0.4450,0.4450,,,,,trade,false
2024-06-30T16:00:00.000Z,0.4350,0.4350,,,,,trade,false
2024-06-30T17:00:00.000Z,0.4400,0.4400,,,,,trade,false
2024-06-30T18:00:00.000Z,0.4450,0.4450,,,,,trade,false
2024-06-30T19:00:00.000Z,0.4500,0.4500,,,,,trade,false
2024-06-30T20:00:00.000Z,0.4400,0.4400,,,,,trade,false
2024-06-30T21:00:00.000Z,0.4150,0.4150,,,,,trade,false
2024-06-30T22:00:00.000Z,0.4300,0.4300,,,,,trade,false
2024-06-30T23:00:00.000Z,0.4300,0.4300,,,,,trade,false
2024-07-01T00:00:00.000Z,0.4350,0.4350,,,,,trade,false
2024-07-01T01:00:00.000Z,0.4350,0.4350,,,,,trade,false
2024-07-01T02:00:00.000Z,0.4350,0.4350,,,,,trade,false
2024-07-01T03:00:00.000Z,0.4350,0.4350,,,,,trade,false
2024-07-01T04:00:00.000Z,0.4350,0.4350,,,,,trade,false
2024-07-01T05:00:00.000Z,0.4450,0.4450,,,,,trade,false
2024-07-01T06:00:00.000Z,0.4550,0.4550,,,,,trade,false
2024-07-01T07:00:00.000Z,0.4500,0.4500,,,,,trade,false
2024-07-01T08:00:00.000Z,0.4000,0.4000,,,,,trade,false
2024-07-01T09:00:00.000Z,0.4050,0.4050,,,,,trade,false
2024-07-01T10:00:00.000Z,0.4100,0.4100,,,,,trade,false
2024-07-01T11:00:00.000Z,0.4200,0.4200,,,,,trade,false
2024-07-01T12:00:00.000Z,0.4000,0.4000,,,,,trade,false
2024-07-01T13:00:00.000Z,0.3850,0.3850,,,,,trade,false
2024-07-01T14:00:00.000Z,0.3750,0.3750,,,,,trade,false
2024-07-01T15:00:00.000Z,0.3750,0.3750,,,,,trade,false
2024-07-01T16:00:00.000Z,0.3800,0.3800,,,,,trade,false
2024-07-01T17:00:00.000Z,0.3850,0.3850,,,,,trade,false
2024-07-01T18:00:00.000Z,0.3850,0.3850,,,,,trade,false
2024-07-01T19:00:00.000Z,0.3850,0.3850,,,,,trade,false
2024-07-01T20:00:00.000Z,0.3650,0.3650,,,,,trade,false
2024-07-01T21:00:00.000Z,0.3550,0.3550,,,,,trade,false
2024-07-01T22:00:00.000Z,0.3450,0.3450,,,,,trade,false
2024-07-01T23:00:00.000Z,0.3350,0.3350,,,,,trade,false
2024-07-02T00:00:00.000Z,0.3500,0.3500,,,,,trade,false
2024-07-02T01:00:00.000Z,0.3550,0.3550,,,,,trade,false
2024-07-02T02:00:00.000Z,0.3450,0.3450,,,,,trade,false
2024-07-02T03:00:00.000Z,0.3550,0.3550,,,,,trade,false
2024-07-02T04:00:00.000Z,0.3650,0.3650,,,,,trade,false
2024-07-02T05:00:00.000Z,0.3900,0.3900,,,,,trade,false
2024-07-02T06:00:00.000Z,0.3750,0.3750,,,,,trade,false
2024-07-02T07:00:00.000Z,0.3600,0.3600,,,,,trade,false
2024-07-02T08:00:00.000Z,0.3450,0.3450,,,,,trade,false
2024-07-02T09:00:00.000Z,0.3600,0.3600,,,,,trade,false
2024-07-02T10:00:00.000Z,0.3500,0.3500,,,,,trade,false
2024-07-02T11:00:00.000Z,0.3550,0.3550,,,,,trade,false
2024-07-02T12:00:00.000Z,0.3500,0.3500,,,,,trade,false
2024-07-02T13:00:00.000Z,0.3650,0.3650,,,,,trade,false
2024-07-02T14:00:00.000Z,0.3450,0.3450,,,,,trade,false
2024-07-02T15:00:00.000Z,0.3650,0.3650,,,,,trade,false
2024-07-02T16:00:00.000Z,0.3650,0.3650,,,,,trade,false
2024-07-02T17:00:00.000Z,0.3850,0.3850,,,,,trade,false
2024-07-02T18:00:00.000Z,0.3950,0.3950,,,,,trade,false
2024-07-02T19:00:00.000Z,0.4100,0.4100,,,,,trade,false
2024-07-02T20:00:00.000Z,0.4650,0.4650,,,,,trade,false
2024-07-02T21:00:00.000Z,0.4650,0.4650,,,,,trade,false
2024-07-02T22:00:00.000Z,0.5000,0.5000,,,,,trade,false
2024-07-02T23:00:00.000Z,0.4750,0.4750,,,,,trade,false
2024-07-03T00:00:00.000Z,0.4550,0.4550,,,,,trade,false
2024-07-03T01:00:00.000Z,0.4850,0.4850,,,,,trade,false
2024-07-03T02:00:00.000Z,0.4950,0.4950,,,,,trade,false
2024-07-03T03:00:00.000Z,0.5450,0.5450,,,,,trade,false
2024-07-03T04:00:00.000Z,0.5850,0.5850,,,,,trade,false
2024-07-03T05:00:00.000Z,0.6000,0.6000,,,,,trade,false
2024-07-03T06:00:00.000Z,0.6300,0.6300,,,,,trade,false
2024-07-03T07:00:00.000Z,0.6200,0.6200,,,,,trade,false
2024-07-03T08:00:00.000Z,0.6200,0.6200,,,,,trade,false
2024-07-03T09:00:00.000Z,0.5900,0.5900,,,,,trade,false
2024-07-03T10:00:00.000Z,0.5100,0.5100,,,,,trade,false
2024-07-03T11:00:00.000Z,0.5050,0.5050,,,,,trade,false
2024-07-03T12:00:00.000Z,0.6000,0.6000,,,,,trade,false
2024-07-03T13:00:00.000Z,0.6350,0.6350,,,,,trade,false
2024-07-03T14:00:00.000Z,0.5900,0.5900,,,,,trade,false
2024-07-03T15:00:00.000Z,0.7450,0.7450,,,,,trade,false
2024-07-03T16:00:00.000Z,0.8200,0.8200,,,,,trade,false
2024-07-03T17:00:00.000Z,0.7050,0.7050,,,,,trade,false
2024-07-03T18:00:00.000Z,0.6850,0.6850,,,,,trade,false
2024-07-03T19:00:00.000Z,0.6150,0.6150,,,,,trade,false
2024-07-03T20:00:00.000Z,0.6300,0.6300,,,,,trade,false
2024-07-03T21:00:00.000Z,0.6250,0.6250,,,,,trade,false
2024-07-03T22:00:00.000Z,0.6250,0.6250,,,,,trade,false
2024-07-03T23:00:00.000Z,0.6250,0.6250,,,,,trade,false
2024-07-04T00:00:00.000Z,0.6400,0.6400,,,,,trade,false
2024-07-04T01:00:00.000Z,0.6500,0.6500,,,,,trade,false
2024-07-04T02:00:00.000Z,0.6300,0.6300,,,,,trade,false
2024-07-04T03:00:00.000Z,0.6250,0.6250,,,,,trade,false
2024-07-04T04:00:00.000Z,0.6350,0.6350,,,,,trade,false
2024-07-04T05:00:00.000Z,0.6350,0.6350,,,,,trade,false
2024-07-04T06:00:00.000Z,0.6250,0.6250,,,,,trade,false
2024-07-04T07:00:00.000Z,0.6150,0.6150,,,,,trade,false
2024-07-04T08:00:00.000Z,0.6250,0.6250,,,,,trade,false
2024-07-04T09:00:00.000Z,0.6250,0.6250,,,,,trade,false
2024-07-04T10:00:00.000Z,0.6150,0.6150,,,,,trade,false
2024-07-04T11:00:00.000Z,0.6150,0.6150,,,,,trade,false
2024-07-04T12:00:00.000Z,0.6150,0.6150,,,,,trade,false
2024-07-04T13:00:00.000Z,0.5950,0.5950,,,,,trade,false
2024-07-04T14:00:00.000Z,0.5950,0.5950,,,,,trade,false
2024-07-04T15:00:00.000Z,0.6050,0.6050,,,,,trade,false
2024-07-04T16:00:00.000Z,0.6250,0.6250,,,,,trade,false
2024-07-04T17:00:00.000Z,0.6250,0.6250,,,,,trade,false
2024-07-04T18:00:00.000Z,0.6150,0.6150,,,,,trade,false
2024-07-04T19:00:00.000Z,0.6350,0.6350,,,,,trade,false
2024-07-04T20:00:00.000Z,0.6800,0.6800,,,,,trade,false
2024-07-04T21:00:00.000Z,0.6850,0.6850,,,,,trade,false
2024-07-04T22:00:00.000Z,0.6650,0.6650,,,,,trade,false
2024-07-04T23:00:00.000Z,0.6800,0.6800,,,,,trade,false
2024-07-05T00:00:00.000Z,0.6950,0.6950,,,,,trade,false
2024-07-05T01:00:00.000Z,0.6900,0.6900,,,,,trade,false
2024-07-05T02:00:00.000Z,0.6550,0.6550,,,,,trade,false
2024-07-05T03:00:00.000Z,0.6700,0.6700,,,,,trade,false
2024-07-05T04:00:00.000Z,0.6650,0.6650,,,,,trade,false
2024-07-05T05:00:00.000Z,0.6550,0.6550,,,,,trade,false
2024-07-05T06:00:00.000Z,0.6500,0.6500,,,,,trade,false
2024-07-05T07:00:00.000Z,0.6550,0.6550,,,,,trade,false
2024-07-05T08:00:00.000Z,0.6550,0.6550,,,,,trade,false
2024-07-05T09:00:00.000Z,0.6450,0.6450,,,,,trade,false
2024-07-05T10:00:00.000Z,0.6450,0.6450,,,,,trade,false
2024-07-05T11:00:00.000Z,0.6450,0.6450,,,,,trade,false
2024-07-05T12:00:00.000Z,0.6550,0.6550,,,,,trade,false
2024-07-05T13:00:00.000Z,0.6600,0.6600,,,,,trade,false
2024-07-05T14:00:00.000Z,0.6600,0.6600,,,,,trade,false
2024-07-05T15:00:00.000Z,0.6450,0.6450,,,,,trade,false
2024-07-05T16:00:00.000Z,0.6400,0.6400,,,,,trade,false
2024-07-05T17:00:00.000Z,0.6450,0.6450,,,,,trade,false
2024-07-05T18:00:00.000Z,0.6400,0.6400,,,,,trade,false
2024-07-05T19:00:00.000Z,0.6350,0.6350,,,,,trade,false
2024-07-05T20:00:00.000Z,0.5950,0.5950,,,,,trade,false
2024-07-05T21:00:00.000Z,0.6050,0.6050,,,,,trade,false
2024-07-05T22:00:00.000Z,0.5450,0.5450,,,,,trade,false
2024-07-05T23:00:00.000Z,0.5750,0.5750,,,,,trade,false
2024-07-06T00:00:00.000Z,0.6200,0.6200,,,,,trade,false
2024-07-06T01:00:00.000Z,0.6350,0.6350,,,,,trade,false
2024-07-06T02:00:00.000Z,0.6450,0.6450,,,,,trade,false
2024-07-06T03:00:00.000Z,0.6550,0.6550,,,,,trade,false
2024-07-06T04:00:00.000Z,0.6500,0.6500,,,,,trade,false
2024-07-06T05:00:00.000Z,0.6500,0.6500,,,,,trade,false
2024-07-06T06:00:00.000Z,0.6450,0.6450,,,,,trade,false
2024-07-06T07:00:00.000Z,0.6450,0.6450,,,,,trade,false
2024-07-06T08:00:00.000Z,0.6450,0.6450,,,,,trade,false
2024-07-06T09:00:00.000Z,0.6450,0.6450,,,,,trade,false
2024-07-06T10:00:00.000Z,0.6350,0.6350,,,,,trade,false
2024-07-06T11:00:00.000Z,0.6350,0.6350,,,,,trade,false
2024-07-06T12:00:00.000Z,0.6250,0.6250,,,,,trade,false
2024-07-06T13:00:00.000Z,0.6250,0.6250,,,,,trade,false
2024-07-06T14:00:00.000Z,0.6250,0.6250,,,,,trade,false
2024-07-06T15:00:00.000Z,0.6250,0.6250,,,,,trade,false
2024-07-06T16:00:00.000Z,0.6150,0.6150,,,,,trade,false
2024-07-06T17:00:00.000Z,0.6150,0.6150,,,,,trade,false
2024-07-06T18:00:00.000Z,0.6150,0.6150,,,,,trade,false
2024-07-06T19:00:00.000Z,0.6050,0.6050,,,,,trade,false
2024-07-06T20:00:00.000Z,0.6100,0.6100,,,,,trade,false
2024-07-06T21:00:00.000Z,0.6100,0.6100,,,,,trade,false
2024-07-06T22:00:00.000Z,0.6050,0.6050,,,,,trade,false
2024-07-06T23:00:00.000Z,0.6050,0.6050,,,,,trade,false
2024-07-07T00:00:00.000Z,0.5750,0.5750,,,,,trade,false
2024-07-07T01:00:00.000Z,0.5800,0.5800,,,,,trade,false
2024-07-07T02:00:00.000Z,0.5800,0.5800,,,,,trade,false
2024-07-07T03:00:00.000Z,0.5950,0.5950,,,,,trade,false
2024-07-07T04:00:00.000Z,0.5850,0.5850,,,,,trade,false
2024-07-07T05:00:00.000Z,0.5850,0.5850,,,,,trade,false
2024-07-07T06:00:00.000Z,0.5850,0.5850,,,,,trade,false
2024-07-07T07:00:00.000Z,0.5850,0.5850,,,,,trade,false
2024-07-07T08:00:00.000Z,0.5850,0.5850,,,,,trade,false
2024-07-07T09:00:00.000Z,0.5750,0.5750,,,,,trade,false
2024-07-07T10:00:00.000Z,0.5350,0.5350,,,,,trade,false
2024-07-07T11:00:00.000Z,0.5400,0.5400,,,,,trade,false
2024-07-07T12:00:00.000Z,0.5350,0.5350,,,,,trade,false
2024-07-07T13:00:00.000Z,0.5300,0.5300,,,,,trade,false
2024-07-07T14:00:00.000Z,0.5300,0.5300,,,,,trade,false
2024-07-07T15:00:00.000Z,0.5350,0.5350,,,,,trade,false
2024-07-07T16:00:00.000Z,0.5350,0.5350,,,,,trade,false
2024-07-07T17:00:00.000Z,0.5350,0.5350,,,,,trade,false
2024-07-07T18:00:00.000Z,0.5300,0.5300,,,,,trade,false
2024-07-07T19:00:00.000Z,0.5350,0.5350,,,,,trade,false
2024-07-07T20:00:00.000Z,0.5350,0.5350,,,,,trade,false
2024-07-07T21:00:00.000Z,0.5450,0.5450,,,,,trade,false
2024-07-07T22:00:00.000Z,0.5450,0.5450,,,,,trade,false
2024-07-07T23:00:00.000Z,0.5450,0.5450,,,,,trade,false
2024-07-08T00:00:00.000Z,0.5600,0.5600,,,,,trade,false
2024-07-08T01:00:00.000Z,0.5650,0.5650,,,,,trade,false
2024-07-08T02:00:00.000Z,0.6000,0.6000,,,,,trade,false
2024-07-08T03:00:00.000Z,0.5950,0.5950,,,,,trade,false
2024-07-08T04:00:00.000Z,0.5900,0.5900,,,,,trade,false
2024-07-08T05:00:00.000Z,0.5950,0.5950,,,,,trade,false
2024-07-08T06:00:00.000Z,0.5950,0.5950,,,,,trade,false
2024-07-08T07:00:00.000Z,0.5700,0.5700,,,,,trade,false
2024-07-08T08:00:00.000Z,0.5800,0.5800,,,,,trade,false
2024-07-08T09:00:00.000Z,0.5850,0.5850,,,,,trade,false
2024-07-08T10:00:00.000Z,0.5900,0.5900,,,,,trade,false
2024-07-08T11:00:00.000Z,0.5900,0.5900,,,,,trade,false
2024-07-08T12:00:00.000Z,0.5850,0.5850,,,,,trade,false
2024-07-08T13:00:00.000Z,0.5850,0.5850,,,,,trade,false
2024-07-08T14:00:00.000Z,0.5150,0.5150,,,,,trade,false
2024-07-08T15:00:00.000Z,0.5000,0.5000,,,,,trade,false
2024-07-08T16:00:00.000Z,0.4600,0.4600,,,,,trade,false
2024-07-08T17:00:00.000Z,0.4450,0.4450,,,,,trade,false
2024-07-08T18:00:00.000Z,0.4300,0.4300,,,,,trade,false
2024-07-08T19:00:00.000Z,0.4250,0.4250,,,,,trade,false
2024-07-08T20:00:00.000Z,0.4350,0.4350,,,,,trade,false
2024-07-08T21:00:00.000Z,0.4650,0.4650,,,,,trade,false
2024-07-08T22:00:00.000Z,0.4650,0.4650,,,,,trade,false
2024-07-08T23:00:00.000Z,0.4050,0.4050,,,,,trade,false
2024-07-09T00:00:00.000Z,0.3550,0.3550,,,,,trade,false
2024-07-09T01:00:00.000Z,0.3650,0.3650,,,,,trade,false
2024-07-09T02:00:00.000Z,0.3550,0.3550,,,,,trade,false
2024-07-09T03:00:00.000Z,0.3550,0.3550,,,,,trade,false
2024-07-09T04:00:00.000Z,0.4050,0.4050,,,,,trade,false
2024-07-09T05:00:00.000Z,0.3700,0.3700,,,,,trade,false
2024-07-09T06:00:00.000Z,0.3550,0.3550,,,,,trade,false
2024-07-09T07:00:00.000Z,0.3500,0.3500,,,,,trade,false
2024-07-09T08:00:00.000Z,0.3750,0.3750,,,,,trade,false
2024-07-09T09:00:00.000Z,0.3650,0.3650,,,,,trade,false
2024-07-09T10:00:00.000Z,0.3650,0.3650,,,,,trade,false
2024-07-09T11:00:00.000Z,0.3650,0.3650,,,,,trade,false
2024-07-09T12:00:00.000Z,0.4050,0.4050,,,,,trade,false
2024-07-09T13:00:00.000Z,0.3950,0.3950,,,,,trade,false
2024-07-09T14:00:00.000Z,0.4050,0.4050,,,,,trade,false
2024-07-09T15:00:00.000Z,0.4250,0.4250,,,,,trade,false
2024-07-09T16:00:00.000Z,0.4250,0.4250,,,,,trade,false
2024-07-09T17:00:00.000Z,0.4250,0.4250,,,,,trade,false
2024-07-09T18:00:00.000Z,0.4150,0.4150,,,,,trade,false
2024-07-09T19:00:00.000Z,0.4150,0.4150,,,,,trade,false
2024-07-09T20:00:00.000Z,0.4350,0.4350,,,,,trade,false
2024-07-09T21:00:00.000Z,0.4250,0.4250,,,,,trade,false
2024-07-09T22:00:00.000Z,0.4250,0.4250,,,,,trade,false
2024-07-09T23:00:00.000Z,0.4350,0.4350,,,,,trade,false
2024-07-10T00:00:00.000Z,0.4350,0.4350,,,,,trade,false
2024-07-10T01:00:00.000Z,0.4350,0.4350,,,,,trade,false
2024-07-10T02:00:00.000Z,0.4400,0.4400,,,,,trade,false
2024-07-10T03:00:00.000Z,0.4350,0.4350,,,,,trade,false
2024-07-10T04:00:00.000Z,0.4400,0.4400,,,,,trade,false
2024-07-10T05:00:00.000Z,0.4400,0.4400,,,,,trade,false
2024-07-10T06:00:00.000Z,0.4550,0.4550,,,,,trade,false
2024-07-10T07:00:00.000Z,0.4450,0.4450,,,,,trade,false
2024-07-10T08:00:00.000Z,0.4500,0.4500,,,,,trade,false
2024-07-10T09:00:00.000Z,0.4550,0.4550,,,,,trade,false
2024-07-10T10:00:00.000Z,0.4550,0.4550,,,,,trade,false
2024-07-10T11:00:00.000Z,0.4600,0.4600,,,,,trade,false
2024-07-10T12:00:00.000Z,0.4400,0.4400,,,,,trade,false
2024-07-10T13:00:00.000Z,0.4450,0.4450,,,,,trade,false
2024-07-10T14:00:00.000Z,0.5000,0.5000,,,,,trade,false
2024-07-10T15:00:00.000Z,0.5300,0.5300,,,,,trade,false
2024-07-10T16:00:00.000Z,0.5350,0.5350,,,,,trade,false
2024-07-10T17:00:00.000Z,0.5650,0.5650,,,,,trade,false
2024-07-10T18:00:00.000Z,0.5600,0.5600,,,,,trade,false
2024-07-10T19:00:00.000Z,0.5550,0.5550,,,,,trade,false
2024-07-10T20:00:00.000Z,0.5350,0.5350,,,,,trade,false
2024-07-10T21:00:00.000Z,0.5450,0.5450,,,,,trade,false
2024-07-10T22:00:00.000Z,0.5500,0.5500,,,,,trade,false
2024-07-10T23:00:00.000Z,0.5850,0.5850,,,,,trade,false
2024-07-11T00:00:00.000Z,0.6100,0.6100,,,,,trade,false
2024-07-11T01:00:00.000Z,0.5800,0.5800,,,,,trade,false
2024-07-11T02:00:00.000Z,0.5400,0.5400,,,,,trade,false
2024-07-11T03:00:00.000Z,0.5650,0.5650,,,,,trade,false
2024-07-11T04:00:00.000Z,0.5950,0.5950,,,,,trade,false
2024-07-11T05:00:00.000Z,0.5900,0.5900,,,,,trade,false
2024-07-11T06:00:00.000Z,0.6050,0.6050,,,,,trade,false
2024-07-11T07:00:00.000Z,0.5700,0.5700,,,,,trade,false
2024-07-11T08:00:00.000Z,0.5500,0.5500,,,,,trade,false
2024-07-11T09:00:00.000Z,0.5700,0.5700,,,,,trade,false
2024-07-11T10:00:00.000Z,0.5700,0.5700,,,,,trade,false
2024-07-11T11:00:00.000Z,0.5750,0.5750,,,,,trade,false
2024-07-11T12:00:00.000Z,0.5750,0.5750,,,,,trade,false
2024-07-11T13:00:00.000Z,0.5750,0.5750,,,,,trade,false
2024-07-11T14:00:00.000Z,0.6250,0.6250,,,,,trade,false
2024-07-11T15:00:00.000Z,0.5450,0.5450,,,,,trade,false
2024-07-11T16:00:00.000Z,0.6100,0.6100,,,,,trade,false
2024-07-11T17:00:00.000Z,0.6750,0.6750,,,,,trade,false
2024-07-11T18:00:00.000Z,0.6250,0.6250,,,,,trade,false
2024-07-11T19:00:00.000Z,0.6150,0.6150,,,,,trade,false
2024-07-11T20:00:00.000Z,0.6150,0.6150,,,,,trade,false
2024-07-11T21:00:00.000Z,0.6450,0.6450,,,,,trade,false
2024-07-11T22:00:00.000Z,0.6700,0.6700,,,,,trade,false
2024-07-11T23:00:00.000Z,0.6600,0.6600,,,,,trade,false
2024-07-12T00:00:00.000Z,0.6550,0.6550,,,,,trade,false
2024-07-12T01:00:00.000Z,0.6200,0.6200,,,,,trade,false
2024-07-12T02:00:00.000Z,0.6050,0.6050,,,,,trade,false
2024-07-12T03:00:00.000Z,0.6100,0.6100,,,,,trade,false
2024-07-12T04:00:00.000Z,0.6050,0.6050,,,,,trade,false
2024-07-12T05:00:00.000Z,0.5900,0.5900,,,,,trade,false
2024-07-12T06:00:00.000Z,0.5950,0.5950,,,,,trade,false
2024-07-12T07:00:00.000Z,0.5950,0.5950,,,,,trade,false
2024-07-12T08:00:00.000Z,0.5950,0.5950,,,,,trade,false
2024-07-12T09:00:00.000Z,0.5850,0.5850,,,,,trade,false
2024-07-12T10:00:00.000Z,0.5850,0.5850,,,,,trade,false
2024-07-12T11:00:00.000Z,0.5850,0.5850,,,,,trade,false
2024-07-12T12:00:00.000Z,0.5850,0.5850,,,,,trade,false
2024-07-12T13:00:00.000Z,0.5850,0.5850,,,,,trade,false
2024-07-12T14:00:00.000Z,0.5850,0.5850,,,,,trade,false
2024-07-12T15:00:00.000Z,0.5950,0.5950,,,,,trade,false
2024-07-12T16:00:00.000Z,0.5850,0.5850,,,,,trade,false
2024-07-12T17:00:00.000Z,0.5750,0.5750,,,,,trade,false
2024-07-12T18:00:00.000Z,0.5850,0.5850,,,,,trade,false
2024-07-12T19:00:00.000Z,0.5950,0.5950,,,,,trade,false
2024-07-12T20:00:00.000Z,0.5650,0.5650,,,,,trade,false
2024-07-12T21:00:00.000Z,0.5650,0.5650,,,,,trade,false
2024-07-12T22:00:00.000Z,0.5700,0.5700,,,,,trade,false
2024-07-12T23:00:00.000Z,0.5900,0.5900,,,,,trade,false
2024-07-13T00:00:00.000Z,0.5150,0.5150,,,,,trade,false
2024-07-13T01:00:00.000Z,0.5100,0.5100,,,,,trade,false
2024-07-13T02:00:00.000Z,0.5100,0.5100,,,,,trade,false
2024-07-13T03:00:00.000Z,0.5150,0.5150,,,,,trade,false
2024-07-13T04:00:00.000Z,0.5050,0.5050,,,,,trade,false
2024-07-13T05:00:00.000Z,0.5050,0.5050,,,,,trade,false
2024-07-13T06:00:00.000Z,0.5050,0.5050,,,,,trade,false
2024-07-13T07:00:00.000Z,0.5150,0.5150,,,,,trade,false
2024-07-13T08:00:00.000Z,0.5150,0.5150,,,,,trade,false
2024-07-13T09:00:00.000Z,0.5150,0.5150,,,,,trade,false
2024-07-13T10:00:00.000Z,0.5050,0.5050,,,,,trade,false
2024-07-13T11:00:00.000Z,0.5050,0.5050,,,,,trade,false
2024-07-13T12:00:00.000Z,0.5050,0.5050,,,,,trade,false
2024-07-13T13:00:00.000Z,0.5050,0.5050,,,,,trade,false
2024-07-13T14:00:00.000Z,0.4950,0.4950,,,,,trade,false
2024-07-13T15:00:00.000Z,0.4950,0.4950,,,,,trade,false
2024-07-13T16:00:00.000Z,0.4950,0.4950,,,,,trade,false
2024-07-13T17:00:00.000Z,0.4900,0.4900,,,,,trade,false
2024-07-13T18:00:00.000Z,0.4750,0.4750,,,,,trade,false
2024-07-13T19:00:00.000Z,0.4750,0.4750,,,,,trade,false
2024-07-13T20:00:00.000Z,0.4450,0.4450,,,,,trade,false
2024-07-13T21:00:00.000Z,0.4350,0.4350,,,,,trade,false
2024-07-13T22:00:00.000Z,0.4250,0.4250,,,,,trade,false
2024-07-13T23:00:00.000Z,0.4150,0.4150,,,,,trade,false
2024-07-14T00:00:00.000Z,0.4450,0.4450,,,,,trade,false
2024-07-14T01:00:00.000Z,0.4250,0.4250,,,,,trade,false
2024-07-14T02:00:00.000Z,0.4650,0.4650,,,,,trade,false
2024-07-14T03:00:00.000Z,0.4700,0.4700,,,,,trade,false
2024-07-14T04:00:00.000Z,0.4700,0.4700,,,,,trade,false
2024-07-14T05:00:00.000Z,0.4300,0.4300,,,,,trade,false
2024-07-14T06:00:00.000Z,0.4250,0.4250,,,,,trade,false
2024-07-14T07:00:00.000Z,0.4200,0.4200,,,,,trade,false
2024-07-14T08:00:00.000Z,0.4200,0.4200,,,,,trade,false
2024-07-14T09:00:00.000Z,0.4200,0.4200,,,,,trade,false
2024-07-14T10:00:00.000Z,0.4150,0.4150,,,,,trade,false
2024-07-14T11:00:00.000Z,0.4350,0.4350,,,,,trade,false
2024-07-14T12:00:00.000Z,0.4400,0.4400,,,,,trade,false
2024-07-14T13:00:00.000Z,0.4450,0.4450,,,,,trade,false
2024-07-14T14:00:00.000Z,0.4250,0.4250,,,,,trade,false
2024-07-14T15:00:00.000Z,0.4300,0.4300,,,,,trade,false
2024-07-14T16:00:00.000Z,0.4250,0.4250,,,,,trade,false
2024-07-14T17:00:00.000Z,0.3750,0.3750,,,,,trade,false
2024-07-14T18:00:00.000Z,0.3850,0.3850,,,,,trade,false
2024-07-14T19:00:00.000Z,0.3750,0.3750,,,,,trade,false
2024-07-14T20:00:00.000Z,0.3750,0.3750,,,,,trade,false
2024-07-14T21:00:00.000Z,0.3650,0.3650,,,,,trade,false
2024-07-14T22:00:00.000Z,0.3650,0.3650,,,,,trade,false
2024-07-14T23:00:00.000Z,0.3550,0.3550,,,,,trade,false
2024-07-15T00:00:00.000Z,0.3300,0.3300,,,,,trade,false
2024-07-15T01:00:00.000Z,0.3250,0.3250,,,,,trade,false
2024-07-15T02:00:00.000Z,0.3250,0.3250,,,,,trade,false
2024-07-15T03:00:00.000Z,0.3450,0.3450,,,,,trade,false
2024-07-15T04:00:00.000Z,0.3500,0.3500,,,,,trade,false
2024-07-15T05:00:00.000Z,0.3750,0.3750,,,,,trade,false
2024-07-15T06:00:00.000Z,0.3600,0.3600,,,,,trade,false
2024-07-15T07:00:00.000Z,0.3650,0.3650,,,,,trade,false
2024-07-15T08:00:00.000Z,0.3750,0.3750,,,,,trade,false
2024-07-15T09:00:00.000Z,0.3750,0.3750,,,,,trade,false
2024-07-15T10:00:00.000Z,0.3700,0.3700,,,,,trade,false
2024-07-15T11:00:00.000Z,0.3750,0.3750,,,,,trade,false
2024-07-15T12:00:00.000Z,0.3750,0.3750,,,,,trade,false
2024-07-15T13:00:00.000Z,0.3650,0.3650,,,,,trade,false
2024-07-15T14:00:00.000Z,0.3600,0.3600,,,,,trade,false
2024-07-15T15:00:00.000Z,0.3250,0.3250,,,,,trade,false
2024-07-15T16:00:00.000Z,0.3750,0.3750,,,,,trade,false
2024-07-15T17:00:00.000Z,0.3800,0.3800,,,,,trade,false
2024-07-15T18:00:00.000Z,0.3650,0.3650,,,,,trade,false
2024-07-15T19:00:00.000Z,0.3750,0.3750,,,,,trade,false
2024-07-15T20:00:00.000Z,0.3650,0.3650,,,,,trade,false
2024-07-15T21:00:00.000Z,0.3750,0.3750,,,,,trade,false
2024-07-15T22:00:00.000Z,0.3400,0.3400,,,,,trade,false
2024-07-15T23:00:00.000Z,0.3700,0.3700,,,,,trade,false
2024-07-16T00:00:00.000Z,0.3650,0.3650,,,,,trade,false
2024-07-16T01:00:00.000Z,0.3450,0.3450,,,,,trade,false
2024-07-16T02:00:00.000Z,0.3450,0.3450,,,,,trade,false
2024-07-16T03:00:00.000Z,0.3350,0.3350,,,,,trade,false
2024-07-16T04:00:00.000Z,0.3350,0.3350,,,,,trade,false
2024-07-16T05:00:00.000Z,0.3350,0.3350,,,,,trade,false
2024-07-16T06:00:00.000Z,0.3350,0.3350,,,,,trade,false
2024-07-16T07:00:00.000Z,0.3350,0.3350,,,,,trade,false
2024-07-16T08:00:00.000Z,0.3450,0.3450,,,,,trade,false
2024-07-16T09:00:00.000Z,0.3450,0.3450,,,,,trade,false
2024-07-16T10:00:00.000Z,0.3300,0.3300,,,,,trade,false
2024-07-16T11:00:00.000Z,0.3350,0.3350,,,,,trade,false
2024-07-16T12:00:00.000Z,0.3250,0.3250,,,,,trade,false
2024-07-16T13:00:00.000Z,0.3250,0.3250,,,,,trade,false
2024-07-16T14:00:00.000Z,0.3250,0.3250,,,,,trade,false
2024-07-16T15:00:00.000Z,0.3350,0.3350,,,,,trade,false
2024-07-16T16:00:00.000Z,0.3350,0.3350,,,,,trade,false
2024-07-16T17:00:00.000Z,0.3250,0.3250,,,,,trade,false
2024-07-16T18:00:00.000Z,0.3150,0.3150,,,,,trade,false
2024-07-16T19:00:00.000Z,0.3250,0.3250,,,,,trade,false
2024-07-16T20:00:00.000Z,0.3250,0.3250,,,,,trade,false
2024-07-16T21:00:00.000Z,0.3150,0.3150,,,,,trade,false
2024-07-16T22:00:00.000Z,0.3250,0.3250,,,,,trade,false
2024-07-16T23:00:00.000Z,0.3250,0.3250,,,,,trade,false
2024-07-17T00:00:00.000Z,0.3250,0.3250,,,,,trade,false
2024-07-17T01:00:00.000Z,0.3250,0.3250,,,,,trade,false
2024-07-17T02:00:00.000Z,0.3200,0.3200,,,,,trade,false
2024-07-17T03:00:00.000Z,0.3250,0.3250,,,,,trade,false
2024-07-17T04:00:00.000Z,0.3450,0.3450,,,,,trade,false
2024-07-17T05:00:00.000Z,0.3300,0.3300,,,,,trade,false
2024-07-17T06:00:00.000Z,0.3300,0.3300,,,,,trade,false
2024-07-17T07:00:00.000Z,0.3350,0.3350,,,,,trade,false
2024-07-17T08:00:00.000Z,0.3350,0.3350,,,,,trade,false
2024-07-17T09:00:00.000Z,0.3350,0.3350,,,,,trade,false
2024-07-17T10:00:00.000Z,0.3350,0.3350,,,,,trade,false
2024-07-17T11:00:00.000Z,0.3350,0.3350,,,,,trade,false
2024-07-17T12:00:00.000Z,0.3350,0.3350,,,,,trade,false
2024-07-17T13:00:00.000Z,0.3550,0.3550,,,,,trade,false
2024-07-17T14:00:00.000Z,0.3550,0.3550,,,,,trade,false
2024-07-17T15:00:00.000Z,0.3600,0.3600,,,,,trade,false
2024-07-17T16:00:00.000Z,0.3850,0.3850,,,,,trade,false
2024-07-17T17:00:00.000Z,0.3850,0.3850,,,,,trade,false
2024-07-17T18:00:00.000Z,0.5350,0.5350,,,,,trade,false
2024-07-17T19:00:00.000Z,0.4900,0.4900,,,,,trade,false
2024-07-17T20:00:00.000Z,0.4850,0.4850,,,,,trade,false
2024-07-17T21:00:00.000Z,0.5400,0.5400,,,,,trade,false
2024-07-17T22:00:00.000Z,0.5150,0.5150,,,,,trade,false
2024-07-17T23:00:00.000Z,0.6300,0.6300,,,,,trade,false
2024-07-18T00:00:00.000Z,0.6100,0.6100,,,,,trade,false
2024-07-18T01:00:00.000Z,0.6550,0.6550,,,,,trade,false
2024-07-18T02:00:00.000Z,0.6350,0.6350,,,,,trade,false
2024-07-18T03:00:00.000Z,0.6350,0.6350,,,,,trade,false
2024-07-18T04:00:00.000Z,0.6350,0.6350,,,,,trade,false
2024-07-18T05:00:00.000Z,0.6500,0.6500,,,,,trade,false
2024-07-18T06:00:00.000Z,0.6750,0.6750,,,,,trade,false
2024-07-18T07:00:00.000Z,0.6300,0.6300,,,,,trade,false
2024-07-18T08:00:00.000Z,0.6400,0.6400,,,,,trade,false
2024-07-18T09:00:00.000Z,0.6300,0.6300,,,,,trade,false
2024-07-18T10:00:00.000Z,0.6200,0.6200,,,,,trade,false
2024-07-18T11:00:00.000Z,0.6250,0.6250,,,,,trade,false
2024-07-18T12:00:00.000Z,0.6400,0.6400,,,,,trade,false
2024-07-18T13:00:00.000Z,0.6500,0.6500,,,,,trade,false
2024-07-18T14:00:00.000Z,0.6650,0.6650,,,,,trade,false
2024-07-18T15:00:00.000Z,0.7100,0.7100,,,,,trade,false
2024-07-18T16:00:00.000Z,0.7700,0.7700,,,,,trade,false
2024-07-18T17:00:00.000Z,0.8250,0.8250,,,,,trade,false
2024-07-18T18:00:00.000Z,0.7550,0.7550,,,,,trade,false
2024-07-18T19:00:00.000Z,0.7850,0.7850,,,,,trade,false
2024-07-18T20:00:00.000Z,0.7300,0.7300,,,,,trade,false
2024-07-18T21:00:00.000Z,0.7550,0.7550,,,,,trade,false
2024-07-18T22:00:00.000Z,0.8250,0.8250,,,,,trade,false
2024-07-18T23:00:00.000Z,0.8950,0.8950,,,,,trade,false
2024-07-19T00:00:00.000Z,0.8750,0.8750,,,,,trade,false
2024-07-19T01:00:00.000Z,0.8650,0.8650,,,,,trade,false
2024-07-19T02:00:00.000Z,0.8550,0.8550,,,,,trade,false
2024-07-19T03:00:00.000Z,0.8550,0.8550,,,,,trade,false
2024-07-19T04:00:00.000Z,0.8650,0.8650,,,,,trade,false
2024-07-19T05:00:00.000Z,0.8550,0.8550,,,,,trade,false
2024-07-19T06:00:00.000Z,0.8350,0.8350,,,,,trade,false
2024-07-19T07:00:00.000Z,0.8250,0.8250,,,,,trade,false
2024-07-19T08:00:00.000Z,0.8350,0.8350,,,,,trade,false
2024-07-19T09:00:00.000Z,0.8300,0.8300,,,,,trade,false
2024-07-19T10:00:00.000Z,0.8350,0.8350,,,,,trade,false
2024-07-19T11:00:00.000Z,0.8400,0.8400,,,,,trade,false
2024-07-19T12:00:00.000Z,0.8450,0.8450,,,,,trade,false
2024-07-19T13:00:00.000Z,0.8300,0.8300,,,,,trade,false
2024-07-19T14:00:00.000Z,0.8300,0.8300,,,,,trade,false
2024-07-19T15:00:00.000Z,0.7800,0.7800,,,,,trade,false
2024-07-19T16:00:00.000Z,0.7800,0.7800,,,,,trade,false
2024-07-19T17:00:00.000Z,0.6950,0.6950,,,,,trade,false
2024-07-19T18:00:00.000Z,0.7150,0.7150,,,,,trade,false
2024-07-19T19:00:00.000Z,0.7100,0.7100,,,,,trade,false
2024-07-19T20:00:00.000Z,0.7200,0.7200,,,,,trade,false
2024-07-19T21:00:00.000Z,0.7650,0.7650,,,,,trade,false
2024-07-19T22:00:00.000Z,0.7650,0.7650,,,,,trade,false
2024-07-19T23:00:00.000Z,0.7650,0.7650,,,,,trade,false
2024-07-20T00:00:00.000Z,0.7650,0.7650,,,,,trade,false
2024-07-20T01:00:00.000Z,0.7750,0.7750,,,,,trade,false
2024-07-20T02:00:00.000Z,0.7650,0.7650,,,,,trade,false
2024-07-20T03:00:00.000Z,0.7200,0.7200,,,,,trade,false
2024-07-20T04:00:00.000Z,0.7200,0.7200,,,,,trade,false
2024-07-20T05:00:00.000Z,0.7200,0.7200,,,,,trade,false
2024-07-20T06:00:00.000Z,0.7450,0.7450,,,,,trade,false
2024-07-20T07:00:00.000Z,0.7550,0.7550,,,,,trade,false
2024-07-20T08:00:00.000Z,0.7500,0.7500,,,,,trade,false
2024-07-20T09:00:00.000Z,0.7650,0.7650,,,,,trade,false
2024-07-20T10:00:00.000Z,0.7650,0.7650,,,,,trade,false
2024-07-20T11:00:00.000Z,0.7450,0.7450,,,,,trade,false
2024-07-20T12:00:00.000Z,0.7650,0.7650,,,,,trade,false
2024-07-20T13:00:00.000Z,0.7750,0.7750,,,,,trade,false
2024-07-20T14:00:00.000Z,0.7750,0.7750,,,,,trade,false
2024-07-20T15:00:00.000Z,0.7750,0.7750,,,,,trade,false
2024-07-20T16:00:00.000Z,0.7650,0.7650,,,,,trade,false
2024-07-20T17:00:00.000Z,0.7650,0.7650,,,,,trade,false
2024-07-20T18:00:00.000Z,0.7550,0.7550,,,,,trade,false
2024-07-20T19:00:00.000Z,0.7400,0.7400,,,,,trade,false
2024-07-20T20:00:00.000Z,0.7500,0.7500,,,,,trade,false
2024-07-20T21:00:00.000Z,0.7450,0.7450,,,,,trade,false
2024-07-20T22:00:00.000Z,0.7200,0.7200,,,,,trade,false
2024-07-20T23:00:00.000Z,0.7200,0.7200,,,,,trade,false
2024-07-21T00:00:00.000Z,0.7400,0.7400,,,,,trade,false
2024-07-21T01:00:00.000Z,0.7250,0.7250,,,,,trade,false
2024-07-21T02:00:00.000Z,0.7250,0.7250,,,,,trade,false
2024-07-21T03:00:00.000Z,0.7150,0.7150,,,,,trade,false
2024-07-21T04:00:00.000Z,0.7050,0.7050,,,,,trade,false
2024-07-21T05:00:00.000Z,0.7100,0.7100,,,,,trade,false
2024-07-21T06:00:00.000Z,0.7100,0.7100,,,,,trade,false
2024-07-21T07:00:00.000Z,0.7050,0.7050,,,,,trade,false
2024-07-21T08:00:00.000Z,0.7050,0.7050,,,,,trade,false
2024-07-21T09:00:00.000Z,0.7050,0.7050,,,,,trade,false
2024-07-21T10:00:00.000Z,0.7050,0.7050,,,,,trade,false
2024-07-21T11:00:00.000Z,0.6900,0.6900,,,,,trade,false
2024-07-21T12:00:00.000Z,0.6950,0.6950,,,,,trade,false
2024-07-21T13:00:00.000Z,0.7050,0.7050,,,,,trade,false
2024-07-21T14:00:00.000Z,0.7000,0.7000,,,,,trade,false
2024-07-21T15:00:00.000Z,0.7150,0.7150,,,,,trade,false
2024-07-21T16:00:00.000Z,0.7150,0.7150,,,,,trade,false
2024-07-21T17:00:00.000Z,0.7150,0.7150,,,,,trade,false
2024-07-21T19:00:00.000Z,0.9985,0.9985,,,,,trade,false
2024-07-21T20:00:00.000Z,0.9970,0.9970,,,,,trade,false
